title,category
중국의 전략적 ‘마이웨이’... “북한·러시아와 거리 두며 핵·군사력 증강”,World
"일본은행 예상대로 금리 동결…한 명은 ""올리자"", 1월엔 인상?",World
"트럼프, '정치 위기' 캐나다 트뤼도 흔들기…""韓, 다음 타깃 가능성""",World
현존 최고 십계명 석판 73억 원에 팔려…가짜 논란도,World
[글로벌+] '트럼프 당선=탄핵?' 윤석열과 트럼프의 평행이론,World
"""폭스콘, 닛산 지분 인수 위해 대주주 르노와 협상 중""",World
"트럼프, 이시바에 조기 회담 제안...아키에·손정의 만난뒤 입장 바꿔",World
"러 ""우크라, 화생방 사령관 암살하려 용의자에 10만 달러 제안""",World
"트럼프, 여야 합의 임시예산안에 ‘부채한도 증액’ 요구하며 어깃장",World
"일본은행, 기준금리 3회 연속 동결…엔·달러 환율 155엔 돌파",World
"""중국 기업 때문에 다 죽겠다""...920% 관세 요구에 테슬라도 불똥? [지금이뉴스]",World
[Who] 폼페이오 배제 주도… 트럼프 2기 '막후실세' 터커 칼슨,World
"""핵전쟁, 가능성 아닌 시간 문제""…트럼프 교체기에 '판돈' 올린 북한",World
시리아서 ‘미국 지원’ 쿠르드족-‘튀르키예 지원’ 민병대 잇단 충돌,World
캡슐호텔도 10만원대… 도쿄 숙박료 급등에 일본인도 비명,World
“인간이 승리했다”…美 ‘벌벌’ 떨게한 아시아산 ‘장수말벌’ 퇴치 선언,World
"리비아, 중동·아프리카서 러시아 새 허브 되나",World
‘트럼프 시대’ 앞둔 美 CEO들… 앞다퉈 마러라고行,World
"트럼프 복귀 앞서 뭉치는 유럽...젤렌스키 ""영토 탈환 힘 없다""",World
"미국 ""러, 북한 '핵보유국' 인정 움직임…한반도 비핵화 약속 뒤집어""",World
"트럼프, 바이든 정부 '셧다운' 위협...취임 전부터 의회 압박",World
정치적 혼란 이용해 우방 캐나다 때리는 트럼프…다음은 한국?,World
"국정원 “우크라 파병 북한군, 사망자 최소 100명·부상 1000명”",World
"마잉주 전 대만 총통, 중국 하얼빈 방문…""양안 교류 확대""",World
"美 “中, 핵전력 급속 확대…2030년엔 핵탄두 1000기 보유”",World
"한은 ""내년 中성장률 '4% 초중반'…트럼프엔 적극 대응""",World
트럼프 충성파 '고생 끝에 꽃보직'…음지서 요직으로 복귀,World
"사상자 속출에도… 北병력 전선 투입 공식 확인 않는 러, 왜?",World
"러시아 ""트럼프와 따로 소통 안 해…美 우크라 특사 의도 몰라""",World
"[포착]초고속으로 ‘쾅’…100여명 탄 여객선과 印해군 보트 충돌, 최소 13명 사망(영상)",World
젤렌스키 “돈바스 되찾을 힘 없어”…러 “트럼프 정부와 관계 정상화 준비”,World
"미, 점유율 65% 중국산 인터넷 공유기 퇴출 검토…제2의 화웨이?",World
"""美, 중국산 와이파이 공유기 미국 내 판매금지 검토""",World
파월 “비축 불가” 발언에… 비트코인 10만달러 붕괴,World
"韓 인디밴드 검정치마, 中 본토서 공연… 한한령 해제되나",World
"파월 ""추가 금리 인하 신중히""…저금리 선호 트럼프와 충돌 우려",World
요리우리 신문 ‘1천만부 시대’ 연 와타나베 쓰네오 대표 겸 주필 별세,World
"비트코인, 10만달러선 붕괴...금리인하 속도조절·비축불가 발언",World
"""美 51번째 州 돼라"" 캐나다 흔드는 트럼프…""韓, 다음 타깃 될 수도""",World
젤렌스키 “우크라뺀 협상불가” vs 러 “미국 강압땐 핵재앙”,World
"트럼프 ""부채한도 증액해야""…정부 셧다운 코앞서 예산 처리 발목",World
"美국방부 “中, 핵전력 급속 확장…핵탄두 600기 이상 보유”",World
"세계최초, 中 극초음속 드론…음속 5배, 미사일로도 활용",World
"혼다-닛산 합병 열쇠 쥔 르노...""협상에 열려있어""",World
‘美연준의장’ 파월 발언에 비트코인 급락…‘친가상화폐’ 트럼프 이길까,World
"中CATL ""내년 전기차 배터리 교체소 1천곳 설치…1만곳 목표 """,World
"러시아, '지중해·아프리카 거점' 시리아 포기…리비아로 철수 수순",World
파월 “금리인하 내년 더 신중”…트럼프 2기와 충돌 우려,World
[영상] 3분만에 꼬꾸라지더니 폭발…일본 첫 민간위성 발사 또 '고배',World
"북, 바이든의 ‘우크라 장거리무기 허용’ 비판···트럼프와 주파수 맞추나",World
"美 ""中 핵전력 급속히 확대…1년간 핵탄두 20% 증가""",World
"""'드론에 떼죽음' 우크라 파병 북한군, 대책 마련 나서""",World
"트럼프, 美 선거인단 투표 끝에 대선 승리 확정…312 대 226",World
'금리인하 속도 조절'에…美국채 금리 6개월 만에 최대,World
"트럼프 ""부채한도 증액해야""…정부 셧다운 코앞서 예산처리 발목(종합2보)",World
"美 흑연업계 ""中 흑연에 최대 920% 관세 부과해야""",World
"트럼프가 예고한 ‘관세 폭탄’에…“中, 내년 수출성장률 마이너스 기록할 수도”",World
로이터 “가자 휴전 수일내 타결 가능”…이스라엘 공습 지속,World
"러시아, 시리아 군사기지 포기? ""방공시스템·무기, 리비아로 운반""",World
"폭스바겐-노조 갈등 '최고조'…""일자리 구조조정 불가피""",World
"“‘드론에 떼죽음’ 북한군, 대책 마련 위해 감시초소 증설”",World
"""'드론에 떼죽음' 우크라 파병 북한군, 부랴부랴 감시초소 증설""",World
"""中 때문에 다 죽어"" 美 기업들도 난리…""관세 920% 때리자""",World
"미 ABC “우크라 파병 북한군, 드론 공격 대책 마련 나서”",World
"트럼프 “많은 캐나다인들, 미국 편입 원해”…51번째州 또 주장",World
"가자 휴전 임박했나 ""수일내 타결 가능""…이스라엘은 맹폭 지속",World
"""비트코인 보유 못해""…파월 한마디에 가상화폐 급락",World
"트럼프 한마디에…임시예산 없던일로, 셧다운 카운트다운[이태규의 워싱턴 플레이북]",World
"'한미일 동맹 위험', '좌파 선동가'…이재명 우려하는 외신들",World
"“미국 흑연업체들, 중국산에 920% 반덤핑 관세 요구”",World
"엔화, 美 금리인하 속도 둔화 관측에 1달러=154엔대 중반 하락 출발",World
"트럼프와 머스크, 미의회 지도부 합의한 임시예산안 반대…“차라리 셧다운이 나아”(종합)",World
근육 사라지고 뱃살 '통통'…왕년의 '터미네이터' 충격적 모습,World
미국 국방부 “중국 핵탄두 보유 600개 이상”…4년간 3배 증가,World
"손정의·아키에 만난 트럼프, 취임 직전 이시바와 만남 의향 전달",World
"CNN ""캐나다 정치 흔드는 트럼프, 韓에도 경고""",World
"러시아 ""美, 북중러 겨냥해 지정학 게임…재앙적 결과 초래할 수도""",World
"'푸틴 충복' 메드베데프, 영국 더타임스 사설에 발끈…""조심해라""",World
"러시아에 파병한 북, 미국 탓…""장거리 무기 허용해 위기 고조""",World
"“치사율 50%, 대유행 시간문제”… 美서 조류 인플루엔자 첫 중증환자",World
"""트럼프, 日에 내달 취임식 직전 이시바와 회담 가능 의향 전달""",World
"“돈바스·크림반도 찾을 힘 없다"" 젤렌스키, 열세 인정",World
"트럼프, 민주당에 부채 한도 없애거나 상향 촉구…""끝까지 싸울 것""",World
"'러 장성 폭사'에 英더타임스 ""정당방어""…러 ""조심해라"" 위협",World
"미국 ""중국 핵탄두 6백 개 이상 보유…2030년까지 1천 개 넘을 전망""",World
"연준 ""금리 덜 내릴 것""…글로벌 금융시장에 충격파",World
"中 핵탄두 올해 600개, 2030년이면 1000개 넘어...핵전력 확대",World
"블링컨 ""이란, 핵무기 보유시 어찌될지 알아…트럼프 정부서도 협상 가능""",World
"러, '지중해 관문' 시리아 군기지 결국 문닫나…리비아로 철수",World
"""러의 EU 불안정 전략""…폴란드, 난민 권리 일시 제한 법안 채택",World
"트럼프, 양당 합의 예산안에 ‘국가 배신’ 격노…정부 ‘셧다운’ 고비",World
"""트럼프, '취임 전 이시바와 회담 의향' 일본에 전달""",World
젤렌스키 “돈바스 되찾을 힘 없어”…러 “트럼프 정부와 관계 정상화 준비”,World
"트럼프 정부 셧다운 코앞서 예산처리 발목…""부채한도 증액해야""",World
"트럼프, 日이시바와 만날 듯… “다음 달 취임 전 의향 전달”",World
틱톡 운명 가를 2시간…다음달 10일 美 연방대법서 결판,World
"러 ""북·중·러에 대한 미국 지정학적 게임, 핵 재앙 초래할 수도""(상보)",World
비행 3분 만에 내린 결론... 일본 또 '실패' [지금이뉴스],World
"""내년에 고액기부 신입생 좀 많이""…美 명문대 '기부금 입학' 발각",World
"미 국방부 “중국, 핵탄두 600개 이상 보유…2035년까지 핵전력 확대”(종합)",World
"트럼프, 예산안 처리 발목잡았다…""부채한도 증액해야""",World
美 엔비디아 주가 5일 연속 하락 마감…70일만에 130달러 하회(종합),World
오픈AI ‘유니콘 100배’ 헥토콘 등극… 치솟는 몸값에 벤처캐피털 업계 고민[Global Focus],World
"美국무, '공습 검토' 트럼프 향해 ""이란과 핵협상 여지 있어""",World
北의 황당한 주장 “러북관계는 국제 평화와 안보에 긍정적”,World
"""트럼프, 日에 취임전 1월 중순 이시바와 회담 의향 전달""",World
"젤렌스키 ""되찾을 힘 없다""…나토와 종전 '대책회의'",World
"내년 美 금리인하 두 번만…'매파' 파월 ""추가 인하 신중""(종합)",World
드론 앞 좀비처럼 몰려와 '떼죽음'…무지한 북한군에 러 특단대책,World
"""캐나다, 미국의 51번째 주 되길 원해""…트럼프의 야욕",World
"트럼프 ""부채한도 증액해야""…정부 셧다운 코앞서 예산처리 발목(종합)",World
열세 인정한 젤렌스키 “돈바스·크름반도 되찾을 힘 없어”,World
"Fed ""내년 금리인하 축소""에…달러 2022년 이후 '최고'",World
"美안보보좌관, 韓비상계엄에 ""민주제도 꺾여도 버텨내느냐가 관건""",World
"셧다운 눈앞인데…트럼프, 美임시예산안 합의에 ""배신"" 비판",World
"[자막뉴스] 아시아판 나토 구도에 불만...러, 핵재앙 초래 경고",World
"미국 ""중국 보유 핵탄두 600개 이상…2030년 1000개 넘을 것""",World
"러 ""핵무기 보유한 북중러에 대한 美의 압박, 핵재앙 초래할수도""",World
中 세계 최장 9시간 우주 유영…日 민간위성 실패,World
"트럼프, 다음달 취임 전 이시바와 만날 듯…""일본에 의향 전달""",World
"""러, 북핵 용인 시점 가까워졌을 수도""…한미, 안보리서 경고",World
"트럼프 ""많은 캐나다인들, 미국 편입 원해""…야욕 드러내",World
"미 ""중국 핵탄두 600개 이상 보유…2030년까지 1천 개 넘을 전망""",World
"뉴욕증시, 파월이 끼얹은 찬물·다우 열흘째↓…동반 급락 마감",World
‘매파적 금리인하’ 연준에 시장 쇼크...다우 50년만에 최장 약세,World
"美 마이크론, 실적 예상치 시장 전망 하회…시간외 주가 13% ↓(종합)",World
"간신히 합의했는데…트럼프, 셧다운 방지 임시예산안에 ""반대""",World
"황준국 유엔대사 ""北, 남한 선제핵타격 심리적 장애물마저 제거""",World
타이완 침공 준비하는 중국?...미국이 우려하는 움직임 [지금이뉴스],World
"미, 금리 0.25%p 또 인하…내년엔 당초 4차례→2차례 인하 전망",World
"미 연준, '매파적 금리 인하'…내년 인하폭 절반 축소",World
"파월의 얼음물에 비트코인 급락, 10만 달러선도 위태",World
미 기준금리 0.25%P 인하…내년 속도 조절 시사,World
"‘우방’ 캐나다 때리는 트럼프, 다음 차례는 프랑스 독일 한국?",World
"""성적보다 기부금 우선으로 신입생 뽑았다""..美명문대, '기부금 특별입학' 소송 당해",World
"미국 ""중국, 핵탄두 600기 이상 비축…세계 최고 초음속 미사일 보유""",World
"트럼프 가라사대 “한국 국적자? 너, 나가!”",World
트럼프 휴전 압박 속 EU 정상들 우크라 지원 방안 논의,World
"美환경청, 2035년까지 휘발유 신차 판매 금지안 허용…트럼프가 뒤집을 듯-AP",World
"비트코인, 美금리인하 속도조절·파월의 '비축불가' 발언에 급락(종합)",World
[증시전략] 파월 매파 발언에…공포지수·달러·美국채금리 '껑충',World
"""복권 당첨 11개월 만에 참혹한 죽음""…음주 차량에 치인 英 모녀, 추모 물결",World
"[트렌딩 핫스톡] 엔비디아, 저가매수·월가 신뢰 힘입어 장중 반등",World
"[글로벌 마켓] 연준, 매파적 금리인하 단행…뉴욕증시 하방 압력↑",World
"""미국 금리 인하, 내년에는 속도 조절""…금융 시장 휘청",World
유럽車 주식 바겐세일에 '저가 매수' 꿈틀,World
"트럼프, 美 셧다운 사흘 앞두고 임시예산안 재협상 요구",World
“북한군 좀비처럼 다가왔다…드론 심각성 이해못해” RFA 보도,World
파월 매파 발언에 美뉴욕증시 하락…다우 10거래일 연속↓,World
"美, 中배터리용 흑연 제재 조짐…업계 ""920% 관세 부과해달라""",World
미 기준금리 0.25%P 인하…내년 속도 조절 시사,World
"러시아 또 '핵재앙' 위협...""아시아판 나토 형성""",World
"美 ""中 핵탄두 600개 이상 보유…2030년까지 1천개 넘을 전망""(종합)",World
"美연준, 기준금리 0.25%P 인하…연속 3차례 내렸다(종합)",World
"젤렌스키 현실 인정…""돈바스·크림반도 되찾을 힘 없어""",World
"美 연방정부, 美에서 中 인터넷 공유기 판매 금지 검토 왜?",World
美언론 “이재명 집권시 한·미·일 협력 위험에 처할 것”,World
"트럼프, 캐나다 편입 야욕…“미국 51번째 주 되길 원해”",World
"美 ""中 핵탄두 600개 이상 보유…2030년엔 1000개 넘을 것""",World
내년 기준금리 2번만 줄인다는 연준…파월 “여기부터 새로운 단계”,World
"美, 금리 0.25%p 또 인하…내년엔 당초 4차례→2차례 인하 전망(종합2보)",World
"'매파' 파월, 인플레 상승에 ""추가 금리인하 신중""…내년 2회 인하 전망",World
"[글로벌 비즈] ""머스크, 정부 보안규정 위반 조사""",World
"젤렌스키 ""우크라, 돈바스·크림반도 탈환할 힘 없어""",World
"“돈바스·크림반도 되찾을 힘 없어” 젤렌스키, 현실 인정",World
"파월 ""연준은 비트코인 보유 못해…법 개정 추진하지 않을 것""",World
"트럼프 “캐나다인들, 미국 51번째 주 되길 원해”…한국에도 경고?",World
젤렌스키 “돈바스 되찾을 힘 없어”…러 “트럼프 정부와 관계 정상화 준비”,World
"미국 0.25% 금리 인하…""내년엔 속도 조절""",World
"뉴욕증시 3대 지수 3%대 하락, 파월 “인플레이션 기대 이하”",World
"""우크라이나 지원해야"" 英스타머, 트럼프와 또 통화",World
“트럼프 2028 준비됐나” 벌써 3선 도전설 솔솔,World
"트럼프 협상 압박속 브뤼셀 온 젤렌스키 ""유럽 공동입장 필요""(종합)",World
'트럼프 이즈 백'…유럽·중동서 포성 끊이지 않은 지구촌[뉴스1 선정 국제 10대뉴스],World
"'일국양제 모범생' 마카오, 中 반환 25주년 맞아 더 도약할까",World
0.25%p 인하...'속도 조절' 때는 트럼프와 충돌 우려,World
대로변서 스쿠터 장착 폭발물 터져…러 ‘무기총괄’ 고위 간부 사망,World
"파월 ""박빙의 결정""…Fed, '동결 vs 금리 인하'로 격렬 토론 [Fed 워치]",World
"美의회 지도부, 셧다운 막는 임시예산안 합의…머스크는 ""거부해야""",World
"""내년 美 자동차판매 약 3% 성장…4대 중 1대는 친환경차""",World
"러 “북중러 압박하는 美 지정학 게임, 핵재앙 초래할수도”",World
"파월 의장 ""인플레 성과 크지 않아…美 경제 예상보다 강해"" [Fed 워치]",World
"""10·20 시끄럽다…30세 미만 출입 금지"" 美 '노키즈존' 카페 등장",World
"美의회, 15년 만에 급여 오르나… 의원들이 “절대 안 돼”",World
0.25%p 인하...'속도 조절' 때는 트럼프와 충돌 우려,World
"美 증시, Fed 금리인하 속도 조절에 실망…S&P 하락세[Fed워치]",World
"'영국판 트럼프' 후원…머스크, 영국 정치판도 뒤집나",World
"""내년 美 자동차판매 약 3% 성장…4대 중 1대는 친환경차 예상""",World
"EU 새 지도부, 서부발칸 6개국에 '러브콜'…러 영향 확대 경계",World
애플·오픈AI 수장도 선물 들고 구애… 트럼프 “모두 내 친구 되고 싶어 해”,World
日혼다·닛산 합병 초읽기… 현대차 제치고 ‘세계 3위’ 넘본다,World
"북한 287번, 한국 100번 말했다…트럼프 4년치 발언 뒤져보니",World
"美, 금리 0.25%p 또 인하…내년엔 당초 4차례→2차례 인하 전망(종합)",World
"[글로벌 비즈 브리핑] '비공식 대통령' 머스크, 커지는 리스크…""정부 기밀 규정 위반으로 조사 중"" 外",World
중국 자동차 질주에 위기감…일본차 2·3위의 악수 이유는?,World
'日 반도체 부활' 키옥시아 상장…삼성·SK '촉각',World
"우방 캐나다 흔드는 트럼프…""반격 어려운 한국에 경고등""",World
"美 Fed, 예상대로 0.25%P '매파적 인하'…내년 금리인하 2회 그쳐",World
"""트럼프가 IMF와의 협상 도울것"" vs ""동맹이라는 것만으론 부족""",World
"中, CXMT '美 규제' 넘어…""첨단 D램 'DDR5' 출시""",World
"Fed, 美 기준금리 0.25%P 인하…내년 인하 2차례 그칠 듯 [Fed워치]",World
"美연준, 기준금리 0.25%P 인하…‘내년 인하전망 4회→ 2회 축소’",World
美 기준금리 0.25%p 인하...“내년 금리 인하 두 차례 예상”,World
"나토 수장, 러-우크라 협상 가능성에 ""떠도는 소문""",World
"비트코인, 3일 연속 사상 최고가 후 10만5천달러 하회",World
"나토 수장, 러-우크라 협상 가능성에 ""떠도는 소문""",World
틱톡 기사회생하나...美 연방대법 “내달 10일 합헌성 따져보겠다”,World
‘트럼프 3선론’ 띄우는 美 보수진영,World
"아르헨-伊-헝가리 정상, 트럼프 취임식 초대받아",World
트럼프 2기 앞 외교 올스톱… 한미 군함협력-APEC 준비 차질 우려,World
美 엔비디아 주가 5일 만에 반등…장중 3%대 상승,World
"미 국방부, 中 군사력 보고서 발간…""핵탄두 600기 이상 보유""",World
"美 ""中 핵탄두 600개 이상…2030년까지 1000개 넘을 전망""",World
"네덜란드 ""발트해 상공서 미사일 탑재 러시아 전투기 저지""",World
"러 총참모장 ""군비통제는 옛일...미, 아시아판 나토 시도""",World
"아르헨 대통령 ""트럼프, 아르헨의 자유시장경제 개혁 도울 것""",World
미 “중국 핵탄두 600개 이상 보유…2030년까지 1천개 넘을 듯”,World
"러 “북중러에 대한 미국 지정학 게임, 핵재앙 초래할수도“",World
"""30세 미만 오지 마세요""…나이 확 올린 美 '노키즈존' 식당 등장",World
"美 ""中 핵탄두 600개 이상 보유…2030년까지 1천개 넘을 전망""",World
[클릭! 이 사람] 트럼프 관세 압박… 코너 몰린 트뤼도,World
"러 ""북중러에 대한 美 지정학 게임, 핵재앙 초래할수도""(종합)",World
사르코지 전 프랑스 대통령 '판사 매수' 혐의 최종 유죄… 전자장치 착용,World
"“日 라피더스, 내년 4월 2나노 반도체 시험 생산 시작”",World
美의회 지도부 임시예산안 합의…트럼프 취임 전 셧다운 '모면',World
젤렌스키 “돈바스·크림반도 되찾을 힘 없어”,World
“세계서 가장 뜨거운 곳”…글로벌 CEO 순례지 된 마러라고,World
"젤렌스키의 현실 인정…""돈바스 · 크름반도 되찾을 힘없어""",World
"中 창신메모리, 美 반도체 제재 뚫었나? “국산 DDR5 출시”",World
"“우크라, 러 화생방 사령관 암살”…트럼프 복귀 전 주도권 잡기 포석",World
"젤렌스키의 현실 인정…""돈바스·크림반도 되찾을 힘 없어""",World
"트럼프 ""많은 캐나다인들, 미국 51번째 주 되길 원해""",World
"중국 업체, 첨단 D램 ‘DDR5’ 온라인 출시…양산 성공 가능성",World
"美, '안보 위협' 中 라우터 판매 금지 검토…화웨이 퇴출 이후 최대 규모",World
"가자 휴전·인질 협상 막바지…""수일 내 타결 전망""",World
"“북한군 사상자 속출” 서방 잇단 발표에도…러, 병력 전선 투입 ‘모르쇠’",World
中서 첨단 D램 'DDR5' 온라인 출시…中CXMT 양산 성공?,World
"러 총참모장 “군비 통제는 옛일…미국, ‘아시아판 나토’ 시도”",World
"러 총참모장 ""군비통제는 옛일…美, 아시아판 나토 시도""",World
“30세 미만은 출입 금지...10·20 시끄러워” 미국판 노키즈존,World
"美, 대만 글로벌웨이퍼스에 반도체 보조금 확정…속타는 삼성·SK",World
"미군 당국자 ""쿠르스크에서 북한군 수백 명 사상""",World
"우크라, ""러시아 4800차례 화학무기 사용해""",World
"미국, 중국 TP링크 와이파이 라우터 '금지' 검토…""해킹 우려""",World
비상계엄의 나비효과...'주한미군 철수' 불러오나,World
"네타냐후, 골란고원 북쪽 헤르몬산 방문…‘무기한 점령’ 뜻 비쳐",World
트럼프 2기 출범까지 한 달...'코리아 패싱' 현실화되나,World
"러 ""한반도 불안정 이유는 한국 때문…북한과 관계 회복 나서야""",World
"북한군 떼죽음에도 북한 병력 전선 투입 공식 확인 않는 러, 왜?",World
고성장·소비 확장세에 인플레 우려…연준 내년 '금리인하 부담' 커진다,World
“드론에 총 쏘며 허둥지둥…북한군 수백명 사상”,World
일본 혼다·닛산이 합병을 추진하는 속사정,World
"북한군 떼죽음에도 北병력 전선 투입 공식 확인 않는 러, 왜?",World
"우크라 폭탄에 수도 심장부서 러 사령관 폭사…푸틴, 또 굴욕",World
"키옥시아, 日 증시 상장…경쟁사 '촉각'",World
"드론 보고 놀라 엎드리고 숨었지만… 북한군, 러 벌판서 떼죽음",World
'100m 13.97초 주파' 70대 中 할아버지의 비결,World
'정상 외교' 방파제 없이 맞는 트럼프 2기 해일,World
"입장 뒤집고 ""이시바 만날 것""…일본 '반색'",World
"""김정은, 시진핑, 푸틴""…한국 쏙 뺀 트럼프",World
"'트럼프 지명' 우크라 특사, 1월초 키이우 순방…""유럽 입장 파악""",World
"우크라 폭탄에 수도 심장부서 러 사령관 폭사…푸틴, 또 굴욕",World
"""죽든 살든 열심히 일하겠습니다""…대표 앞에 납짝 엎드린 직원들에 中 '발칵'",World
미국이 김어준에 암살조 제보?…국무부는 “아는 바 없다”,World
"“러 파병 북한군, 진짜 총알받이였어”…우크라 공개한 영상 보니",World
"'삼성·SK'는 또 빠졌네…대만 글로벌웨이퍼스, 美 보조금 4억불 받는다",World
"“북한군, 좀비 같아”…우크라 드론에 사상자 속출",World
'좀비마약'에 중독된 돌고래… 멕시코만서 무슨 일?,World
"EU 수장, 우크라戰 조기종전론 경계…“운명 스스로 결정해야”",World
"“시리아 완충지대 장기 주둔”… 네타냐후, 영토 야욕 노골화",World
“한번 더 출마”… 트럼프 측근 ‘3선 도전’ 군불,World
中 공세 대응…혼다·닛산 합병 전격 추진,World
"美 설리번 “韓, 민주제도 꺾여도 버텨내고 있어”",World
"미 환경단체 ""뉴저지주 유독성폐기물 투기 피해 1조4385억원 넘어""",World
"美 켈로그 특사, 내달초 우크라行… 종전 속도내는 트럼프",World
2.8조 물어낼 수도…성적 아닌 기부금으로 학생 뽑은 MIT 등 美대학,World
가자지구 휴전 협상 급물살… “수일 내 타결 가능”,World
"""한국, 대통령 권한대행 체제서 트럼프와 관계구축 힘들어""",World
"中 극초음속 드론, 세계 첫 비행 뒤 착륙 성공",World
"美 상무부, 대만 반도체 업체도 보조금 4억弗 확정",World
"""서른 넘은 사람만 와라""…나이 확 올린 '노키즈존' 美식당 논란",World
'세계 최장' 9시간 우주 유영…23년 만에 美기록 깬 이 나라,World
상장 첫날 10% 오른 키옥시아… 낸드 시장 지각변동 예고,World
"설리번 ""민주주의는 꺾이더라도 버티는 게 관건…韓, 잘 버티고 있어""",World
[지금 중동은] 도대체 골란고원이 왜?,World
"""한국 계엄 정국, '빨리빨리' 문화 재확인 계기"" 외신 평가",World
혼다 + 닛산 생존 몸부림,World
"삼성·SK는 언제쯤…美, 대만 글로벌웨이퍼스에 '반도체 보조금' 확정",World
"트럼프 등에 업은 네타냐후, 시리아 헤르몬산 정상 올라 '기세등등'",World
고성장·소비 확장세에 인플레 우려…연준 내년 '금리인하 부담' 커진다,World
"계엄정국도 ""좋아 빠르게 가!""...'빨리빨리' 정신, 외신 감탄",World
비야디·테슬라 공세에 생존 위기…몸집 키워 미래차시장 대응,World
"美상무부, 대만 글로벌웨이퍼스에 반도체 보조금 5800억원 준다",World
"""전기 싸게 사가더니""…'탈원전' 고집부리자 '경고'",World
트럼프 취임 전 전세 역전 총력…과감해진 우크라 암살작전,World
'우크라 종전' 고삐 잡은 트럼프…美 의회도 기류 변화 “지원 끊는다”,World
"‘우크라戰서 총알받이 된 북한군’…김정은, 왜 러시아 파병했나 [디브리핑]",World
"中 우주비행사들, 세계 최장 9시간 우주유영 성공",World
“잘파세대 못 들어와” 미국서 ‘30세 미만 출입제한’ 식당 등장에 시끌 [핫이슈],World
"美선거인단 투표, ‘트럼프 승리’ 확정…이탈표 나올수 있나",World
더 강력해진 美우선주의…전 세계가 트럼프에 구애,World
"'원전 의존도 최소화' 삭제한 일본 정부… ""벌써 잊었나"" 분노하는 후쿠시마 주민들",World
‘러시아군 사령관 폭사’ 우즈벡인 붙잡혀,World
김정은이 트럼프 먼저 만날라… 미국 전문가 “한국 대행 체제서 회담 어려워”,World
"""트럼프 마러라고는 기업 CEO 순례지"" 로비전쟁…한국은 패싱?",World
SK 간접출자 日키옥시아 상장 첫날 10% 올라 시총 8.1조원,World
계엄 선포부터 탄핵안 가결까지 ‘빨리 빨리’…외신도 놀란 韓 문화,World
日 첫 민간기업 위성발사 재시도 '실패'…3분만에 비행 중단,World
"""이대로면 다 죽어""…신뢰의 일본차 어떻길래 2·3·4위 뭉치나",World
북한군 연일 최전선 투입…이역만리서 낯선 무기에 떼죽음,World
브라질 채권 또 '쪽박'…미국발 신흥국 환율 금리 불안,World
"“총기 소지한 청년들이...” 美식당, 30세 미만 출입 금지한 이유",World
"‘글로벌 車업체, 中판매부진에 흔들’…포르쉐차이나 구조조정",World
日 첫 민간기업 위성 발사 재시도도 '고배'…3분만에 비행 중단(종합),World
"200억 달러 정부계약도 따냈다…'비공식 대통령' 머스크, 커지는 논란",World
"결혼식 축의금에 등골 휘자, 中 매체 “돼지고기 한 근 값이 적당”",World
"美 상무부, 대만 글로벌웨이퍼스에도 보조금 4억弗 확정",World
"MS, AI 전쟁에 총력전…""경쟁사보다 2배 많은 엔비디아 칩 구매""",World
혼다·닛산 합병 추진…'세계 3위' 현대차 제치나,World
실체 드러나는 시리아 집단매장지···“한곳에 10만구 이상 암매장”,World
"""中 '광물 수출 통제'로 미군 무기체계 1천개 영향받을 듯""",World
"일론 머스크 ""미래는 차 아닌 로봇""…BYD도 알고 있었다?",World
"美 ""한국 민주주의 제도 버티는 중…세계 격동의 시기""(종합)",World
"""30세 미만 들어오지마""…미국판 '노키즈존' 등장",World
5초 만에 자폭·10분 만에 중단…日 민간위성 발사 또 실패[핫이슈],World
삼성·SK 무너뜨릴 ‘HBM 대항마’...화웨이가 키우는 국영기업 ‘성웨이쉬’ 주목,World
"틱톡, 퇴출 위기서 반전?… CEO 만난 트럼프 ""따뜻한 감정 갖고 있어""",World
“30세 미만은 입장 안 돼요”...미국에 등장한 ‘노키즈존’,World
트럼프 취임 전 다급한 우크라…모스크바 거리서 장성 암살,World
벌써 나오는 머스크 리스크?…“정부 기밀 규정 위반으로 조사 중”,World
"설리번 ""민주제도 꺾여도 버텨내느냐가 관건…韓, 버티고 있어""",World
'트럼프 관세' 붙을라…캐나다 국경안보 지출 1.3조 늘린다,World
"“북한군, 드론에 총쏘며 좀비처럼 돌진”…미 당국자 “북한군 수백명 사상”",World
"美안보보좌관 “공고한 민주주의 국가서도 격변 발생… 韓, 버텨내고 있다”",World
"네타냐후, 시리아 헤르몬산 올라 '오래 점령하겠다' 시사",World
"트럼프 눈치 봤나?...디즈니, 신작서 트랜스젠더 서사 삭제",World
"日 혼다·닛산, 합병 추진…성사 시 현대차 넘어 세계 3위 도약(종합)",World
"혼다·닛산 합병 가시화…'일본 공룡 연합', 현대차 제치나",World
"美명문대 '부자 입학' 논란…""성적보다 기부금 우선"" 소송",World
"교육 '좌편향' 비판했던 머스크, 직접 어린이 학교 설립",World
"트럼프 ""이시바와 회동 가능"" 언급에도…일본, 방위비 부담에 신중론",World
"美상공회의소, 한국 '플랫폼법' 또 공개 반대…""성장 둔화할 것""",World
미국판 노키즈존?…30세 미만 입장금지 식당 등장에 시끌,World
"""중국서 21세기 들어 처형된 고위직 최소 22명…대부분 부패 혐의""",World
시진핑 마카오 방문…반환 25주년 맞아 ‘일국양제 모범생’ 띄우는 중국,World
美 MZ세대 절반은 ‘틱톡 금지’ 반대…구제론 힘 실릴까,World
"""한국의 '빨리빨리' 문화, 尹 대통령 탄핵에 도움""",World
中 우주 비행사들 9시간 동안 밖에서 ‘둥둥’… 세계 최장 기록 경신,World
[울지마 키이우] 젤렌스키 “트럼프와 직접 소통”…북한군 영상 또 공개,World
트럼프 취임 임박하자… 美의회도 우크라에 등 돌렸다,World
"""中 세번째 항모 푸젠함, 최근 첫 함재기 이착륙 시험한 듯""",World
"14개월 이어진 총성, 가자 휴전 가능할까…美 ""조심스런 낙관""",World
"""中서 21세기 들어 사형된 고위급 최소 22명…대부분 부패 문제""",World
"트럼프 ""이시바와 회동가능"" 언급에도…日 방위비 부담에 신중론",World
"외신 “윤석열 탄핵, 신속 처리 배경은 ‘빨리 빨리’ 문화”",World
"""탄핵안 가결도 빨랐다"" 외신 주목한 한국 '빨리빨리' 문화",World
"'세계 3위' 현대차·기아, 4위로 밀리나…일본 혼다·닛산 '합병' 협상",World
“코로나로 시작된 혁신”… 방글라데시 교통 바꾼 30대 여성들,World
美보험사 CEO 살해범 얼굴 새긴 티셔츠‧머그컵까지 판매…무슨 일?,World
개버드 美DNI 국장 지명자 '인준 난항'…공화당 상원 8명 지지에 의구심,World
"연준, 트럼프와 전면충돌 가능성…금리인하 속도조절이 가늠자",World
"네타냐후, 시리아 영토 장기 점령 시사…""이스라엘 안보 위한 결정""",World
100ｍ를 13초대에?…어린 시절 괴롭힘당하던 70대 어르신의 ‘반전’,World
"트럼프 관세 위협에…캐나다, 예산 1.2조원 투입해 국경강화",World
"하루 남은 FOMC…'트럼프 복귀' 고려해야 하는 연준, 금리 인하할까",World
계엄도 탄핵도 ‘빨리빨리’하는 한국…‘palipali’ 문화에 외신도 놀랐다,World
"외신 ""한국 '빨리빨리(palipali) 문화, 탄핵안 가결에 도움""",World
"네타냐후, 시리아 영토 내 헤르몬산 정상 찾아 ‘무기한 점령’ 시사",World
"""가자휴전 '수일내' 타결""…바이든 막판 중재 통할까?",World
"트럼프 향해 달려가는 빅테크 CEO들…""대항복의 시대""",World
"설리번 “민주제도 꺾여도 버티느냐가 관건…한국, 버티고 있어”",World
"中도 결혼식 축의금 '골머리'…""돼지 한근 값 내자""",World
"머스크, 영국 정권까지 흔드나…극우정당과 만남 ""기부 고려""",World
"독일 車업계, 더 추운 겨울 온다…트럼프 ""미국車로 돼야"" 엄포",World
"백악관 안보보좌관 “한국, 잘 버티고 있어…헌재 결정때까지 위기 안 끝나”",World
외신 “한국 ‘빨리빨리 문화’ 덕에...尹 탄핵안도 2주만에 가결”,World
2기 시작도 안 했는데 “2028 준비됐나”···트럼프 측근 ‘3선 도전’ 거론,World
"러시아 하원, 테러단체 지정 해제 법안 통과…탈레반 합법정부 인정 길 여나",World
"중국, 음속 4배 램제트 엔진 ‘근두운’ 시험비행 성공",World
"'이것이 한국식 해결방법'…외신 ""빨리빨리' 문화가 대통령 무너뜨렸다""",World
"美설리번, 尹비상계엄에 ""한국, 민주제도 꺾여도 버텨내""",World
"외신의 감탄… “빨리 빨리(pali pali)의 민족, 윤 대통령 탄핵까지 빠르게”",World
자려고 누웠는데 베개 아래에 뱀이 떡하니…美 여성 '경악',World
가자휴전 '수일 내' 타결 관측,World
이역만리서 마주친 드론에 북한군 떼죽음…연일 최전선 투입,World
"""中저가 철강 막자""…인도, 중국에 최대 25% 관세 부과",World
"네타냐후, 시리아 헤르몬산 올라…“안보 목적, 오래 주둔하겠다”",World
"""너 또 도쿄 여행가?"" 이런 사람 많더니…인천-도쿄 노선 세계 3위로 바빴다",World
"기술주 랠리에 美나스닥100, 이번주 리밸런싱 예정",World
"가자전쟁 휴전협상 타결 전망... ""낙관적 분위기""",World
결혼식 축의금 기준은 돼지고기 한 근 값,World
"러 화생방 책임자, 모스크바서 폭발물 터져 사망…러, 우크라에 보복 예고(종합)",World
"백악관 국가안보보좌관 “민주주의, 꺾여도 버텨내느냐가 관건…한국은 버티고 있다”",World
"[속보] 블룸버그 ""한국 `빨리빨리` 문화, 탄핵가결에 도움줬다""…시민사회 조명",World
로이터 “가자전쟁 휴전협상 곧 타결될 듯”…하마스 “조건 추가하지 않는다면 합의 가능”,World
"설리번 ""민주제도 꺾여도 버텨내느냐가 관건…韓, 버티고 있어""",World
"""美, 몇 년 내 英기지로 전술핵무기 재배치""",World
"결혼식 축의금 '골머리'…""본질 왜곡""",World
"트럼프, 당선 후 첫 회견서 '한국만 빠졌다'…코리아 패싱 우려도",World
‘한국 언급’없는 트럼프…미 전문가 “권한대행과 한미 양자 회담은 없을 가능성”,World
계엄선포부터 탄핵가결까지 'palipali'…외신도 놀랐다,World
"네타냐후, 골란고원 기습 방문…'장기 주둔' 가능성 시사",World
"중국 우주비행사 2명, 9시간 우주유영…“사상 가장 긴 우주 유영 기록 경신”",World
가자휴전 '수일내' 타결 관측…바이든 막판 美고위급 중동 포진,World
中 핵심 광물 수출 막으면 美 1000개 무기 체계 타격,World
"한쪽은 2조원 조달, 한쪽은 도산… 대기업 등에 업어도 생사 갈리는 中 전기차",World
"""트럼프, 취임 첫날 최소 25개 행정명령""…이민·관세 싹 고친다",World
"등골 휘는 결혼식 고민에…중국 매체들, '돼지 한 근 값' 축의금 조명",World
"美, 김어준의 ‘한동훈 암살조’ 주장에 “모르는 일”",World
"中 우주비행사 2명, 9시간 우주유영…""세계 최장 기록 경신""",World
독일 차기 총리로 기민당 '메르츠' 유력…메르켈의 20년 정적[피플in포커스],World
"등골 휘는 결혼식 고민에…中매체들, '돼지 한근값' 축의금 조명",World
"조태열 ""북미 대화 가능성 높아, 선제적 대응할 것""",World
"키옥시아, 日증시 성공적 데뷔…첫날부터 공모가 웃돌아",World
해외가 깜짝 놀란 韓 저력…“尹 무너뜨린 건 ‘빨리빨리’ 문화”,World
"태국, 탁신 前총리 'VIP 수감생활' 조사…교도소서 한번도 안 자",World
"美당국자 ""북한군, 우크라군과 전투 중 수백 명 사상""",World
"우크라 “러 화생방전 사령관 폭사, 우리 특수작전”",World
"8일인 줄 알았는데, 10개월간 지구로 못 돌아온 우주비행사…무슨 일?",World
英앤드루 왕자 연루된 中스파이 논란에 양국 관계개선 '찬물',World
"블룸버그 “탄핵안 가결, 한국 ‘빨리빨리’문화가 도움 줘”",World
"BofA ""美증시 버블 붕괴 불가피…매그니피센트7은 강세 이어갈 것""",World
"트럼프와 회담 청신호에…""日정부, 이시바 총리 조기 방미 조율 서둘러""",World
우주정거장에 발 묶인 미 우주인 2명...크리스마스·새해도 우주에서,World
"中 우주인 9시간 우주선 밖 유영, 23년 만 세계 기록 갱신",World
"트럼프, '고율 관세' 비판 캐나다 재무장관 사임에 ""독성 있어""",World
美 전문가 “트럼프와 한덕수 대행 일대일 회담 힘들다”,World
"美국무부 ""가자 휴전, 조심스럽게 타결 낙관""…CIA국장 카타르행",World
美보수 일각 ‘3선 개헌’ 주장… 트럼프는 선 그어,World
총알탄 할배…中 70대 노인 100m 13초대 주파,World
"연준, 내년 금리인하 속도조절시 트럼프와 갈등 가능성",World
비상계엄의 나비효과...'주한미군 철수' 불러오나,World
"미 당국, 차이나텔레콤의 미국 네트워크 및 클라우드 서비스 진출 불허 결정",World
"""탈원전 하더니 그럴 줄 알았다""…전기 사서 쓰더니 급기야 [김리안의 에네르기파WAR]",World
[자막뉴스] '주한미군 철수' 전주곡?...초대형 후폭풍에 '닉슨 쇼크' 재연 우려,World
"""북한군 좀비처럼 돌진…쉬운 표적"" 우크라군 영상 공개",World
"MS ""AI칩 공급 제약 없어""…월가 ""엔비디아 칩 수요 둔화 징후""",World
中 ‘베이징에서 뉴욕까지 2시간 비행 여객기용 엔진 첫 시험’,World
"이스라엘, 시리아 쪽 '완충지대' 장기 점령? 네타냐후 방문 ""옛날 생각 나""",World
“연일 최전선 집중 투입” 러시아 파병 북한군 사망자 속출,World
"세계 정상들 만나는 머스크, 美 보안규정 위반 논란",World
관세 위협에 전전긍긍하는 캐나다…즐기는 트럼프,World
"""트럼프, 김정은과 다시 대화해도 한국은 100% 패싱""",World
"네타냐후, 시리아 영토 내 완충지대 '오래 점령하겠다' 시사",World
올해는 ‘채권의 해’였다…사상 최대 ‘900조’ 뭉칫돈 몰려,World
"트럼프 관세 위협에…캐나다, 국경 안보에 1.3조 더 투자한다",World
“일본 혼다·닛산·미쓰비시 합병 협상”…세계 3위 車업체 탄생하나,World
"""日 혼다, 닛산과 합병 협상""…세계 3위 車공룡 탄생하나(종합)",World
"""트럼프, 북한과 대화 조기 추진 가능성 적어…한국은 패싱할 듯""",World
"""북한군 사흘 연속 집중 투입""…북 장병 공격하는 드론 영상 공개",World
"""비공식 대통령"" 머스크 견제 움직임…윤리 기준 적용 촉구",World
머스크 英극우 정치인과 美마러라고서 회동…英서도 킹메이커 시동?,World
이역만리서 마주친 드론에 북한군 떼죽음…연일 최전선 투입(종합),World
“2028 준비됐나”... ‘3선 도전’ 가능성 내비친 트럼프 측근,World
"승리의 자신감…네타냐후, 시리아 점령지 전격 방문",World
"트럼프, 북·중·일·러 정상외교 시동 거는데…한국은 소외",World
"""트럼프 2028 준비됐나?""…측근, '3선 도전' 거론",World
"""2028 준비됐나""…트럼프 측근, '3선 도전' 가능성 시사",World
‘한국 언급’없는 트럼프…미 전문가 “권한대행과 한미 양자 회담은 없을 가능성”,World
"""가자 휴전협상 최종단계""…트럼프 취임 전 타결 가능성 커져",World
"""애플 아이폰, 피 묻은 광물 사용"" 민주콩고VS.애플 ""이미 사용중단""",World
"""트럼프, 2028년 대선 출마 가능""…엄청난 일 벌어질 수도",World
"SK 투자한 키옥시아 상장…日 언론은 ""향후 SK 동향 중요""",World
이역만리서 마주친 드론에 북한군 떼죽음…연일 최전선 투입,World
"美 ""북한군 전투하다 수백명 사상""…우크라 '100여명' 추정",World
英서 기네스 맥주 부족 부른 MZ세대의 SNS 챌린지는,World
"애플, '피묻은 광물' 논란에 ""이미 안 써""…민주콩고 제소 반박",World
"""타이완 포위 넘어섰다""...전문가가 짚은 중국군 훈련 속 특이점 [지금이뉴스]",World
국제우주정거장에 10개월간 발 묶이게 된 미국 우주비행사 2명,World
캐나다 '트럼프 관세' 모면 위한 국경 안보 계획안 공개,World
"美국무부 ""이-하마스 휴전, 조심스럽게 낙관…중재국과 계속 협의""",World
"머스크 통해 국가 기밀 샌다?…美, 기밀 규정 위반 조사 진행",World
남태평양 바누아투에서 규모 7.3 강진..14명 죽고 수백명 부상· 실종,World
"“스페이스X, NASA 수장 지명자 우주비행 중 정전사고…이해충돌”",World
"美당국자 ""북한군 수백명 사상""…우크라는 '100여명' 추정(종합)",World
"""북한군 50명 폭살"" 우크라 특수부대 '드론 공격' 영상 공개",World
"美, 우크라 전쟁 北 사상자 수백명으로 추정 ""전투 경험 부족""",World
우크라軍 “드론 공격에 북한군 50여명 사상”...영상 공개,World
"美 “통신에 ‘소금 태풍’, 수도 항만에 ‘볼트 태풍’ 해킹” 주장 [미중 해킹전쟁➁]",World
‘한국 언급’없는 트럼프…미 전문가 “권한대행과 한미 양자 회담은 없을 가능성”,World
"""스페이스X, NASA 수장 지명자 우주비행 중 정전사고…이해충돌""",World
"네타냐후, 시리아 영토 내 완충지대 '오래 점령하겠다' 시사",World
"젤렌스키, 오르반 겨냥 ""중개자 필요 없다…트럼프와 직접 소통""",World
"[뭐라노-글로벌픽]이스라엘, 시리아 골란고원 정착촌 확장 속내?",World
"""한동훈 암살조, 동맹국 제보""...김어준 주장에 美 '금시초문' [지금이뉴스]",World
"우크라 ""북한군 좀비처럼 드론향해 돌진…손쉬운 표적""",World
"""마요트 사이클론으로 수만 명 사망했을 수도"" 절망적 전망 나와",World
'위기의 캐나다'…정치 혼란까지 겹치며 캐나다달러 최저치 추락,World
"트럼프 단짝 ‘친중파’ 머스크, 중국과의 관세 전쟁에 직면할 수도",World
"폭탄 발명가가 만든 상, ‘지성의 올림픽’ 되다",World
"""대한항공, 내달부터 일본 공항 지상조업 직접 처리""-日언론",World
"""임시기구 맡았지만 머스크는 '비공식 공동 대통령'…윤리 기준 높여야""",World
"우크라 “러, 북한군 손실 숨기려 시신 얼굴 불태워”",World
테슬라 주가 또 올랐다… 3일 연속 사상 최고치 경신,World
"""북한군 소모전에 본격투입""…美당국자 ""수백명 사상""",World
"트럼프 시대, ‘한국 패싱’ 우려…“韓권한대행, 트럼프와 일대일 회담 어려워”",World
젤렌스키 “트럼프와 직접 소통···중재자는 필요 없다”,World
"한덕수-트럼프, 양자회담 난망…“다자회의 아니면 회담 가능성 낮아”",World
네타냐후 이스라엘 총리 시리아 새 점령지 전격 방문,World
'반년째 대기 중'...우주비행사 귀환 또 지연,World
"최고 기밀 접근권 가진 머스크, 보안 규정 위반 연방 조사 진행 중",World
김어준에 ‘北위장 암살조 제보’ 출처는 미국?…美 “우린 알지 못한다”,World
"미국 당국자, ""북한군, 전투하다 수백명 사상""...로이터 보도",World
"국제우주정거장에 발묶인 美우주비행사 2명, 귀환 두달 더 지연",World
"""북, 1.1만 병력과 무기 제공으로 8조원 현금과 외교 레버리지 얻어""",World
"우크라군 ""北, 드론 위험성 모르고 무모하게 돌진""",World
"""트럼프 - 한덕수 회담 난망""…'코리아 패싱' 우려도",World
"""김정은, 이시바, 시진핑""…트럼프 입에서 한국만 쏙 빠졌다",World
"[자막뉴스] 일본 중국 이어 김정은보다 못했다...트럼프, 거론도 안 한 한국",World
"美당국자 ""러시아 파병 북한군, 우크라군과 전투하다 수백명 사상""",World
"美 ""한국 탄핵절차 원칙대로 작동…한미 동맹 굳건""",World
"""북한군, 우크라군과 전투 중 수백명 사상""",World
"美보수 언론인 ""트럼프, 임기 2회 제한 헌법 개정 곧 논의""",World
"트럼프, ‘한국 빼고’ 北·中·日·러 수장들 골고루 언급",World
"우크라 ""쿠르스크 드론 공격으로 북한군 97명 사상…환영행사 열어줘""",World
"고래상어의 간을 노리는 ‘여우같은’ 범고래, 카메라에 첫 포착",World
미군 “우크라서 북한군 수백명 사상”…백악관 “수십명” 첫 공식 확인,World
"트럼프, 北·中·日·러 '좋은 관계' 과시할 때…입에 오르지도 못한 '한국'",World
美국무부 “한국 헌법절차 취지대로 작동”…김어준 암살조 제보에는 “아는 바 없다”,World
"""우리가 알던 독일은 사라졌다""-NYT 칼럼",World
손정의 143조 투자에 신난 트럼프…구애하던 일본도 ‘반색’,World
"국제유가, 中·獨 경제지표 부진에 '일주일만 최저치'…美FOMC 경계",World
"美 ""'尹 탄핵', 한국 헌법절차 취지대로 제대로 작동""",World
"'한동훈 사살 계획' 출처가 미국?…미 ""우리 정보로 인지 못 해""",World
"미 당국자 “북한군, 우크라군과 전투하다 수백명 사상”",World
"김어준 ""北위장 암살조 우방국 제보""…美 ""우린 알지 못한다""",World
"美당국자 ""북한군, 우크라군과 전투하다 수백명 사상""<로이터>",World
"“머스크, 보안 규정 위반으로 연방 기관 조사”…외국 지도자 면담 내용 보고 누락 등-NYT",World
트럼프 뒤에 숨은 독일 총리…“우크라에 타우러스 못 줘”,World
"미 국무부 “이스라엘-하마스 휴전, 조심스러운 낙관”",World
"뉴욕증시, FOMC 경계감에 하락 마감… 다우 9일 연속↓",World
"美국방부, 韓권한대행 체제에 “한미동맹 철통”",World
"韓 탄핵 정국에 '코리아 패싱' 우려 커져…""트럼프, 한덕수 만날 가능성 작아""",World
"美 증시, 일제히 하락 마감… 다우, 46년 만에 9거래일 연속 ↓",World
문신 새기고 다큐멘터리 만들고…보험사 CEO 살해범에 美 들썩,World
"[증시전략] 다우지수, 9거래일 연속 하락…1978년 이후 최초",World
"[트렌딩 핫스톡] 퀀텀 컴퓨팅, 양자컴퓨팅 랠리에 52주 신고가 경신",World
"친미 시리아 쿠르드군, 튀르키예-시리아국경에 비무장지대 제안",World
"트럼프, 日·中·北 콕 집어 ""좋은 관계""…한국은 철저히 '패싱'",World
‘한국 언급’없는 트럼프…미 전문가 “권한대행과 한미 양자 회담은 없을 가능성”,World
"[글로벌 마켓] 미국 3대 지수 '하락'…다우, 9거래일 연속 내림세",World
"美 ""한국 헌법절차 취지대로 작동…美 민주주의도 어려움 겪어""",World
"[김대호 박사의 오늘의 키워드] 엔비디아 무슨 일?·다우지수 빨간불·금리인하 ""불필요""·트럼프 3선",World
중·일 정상외교 시동 거는 트럼프...'한국 패싱' 우려 커져,World
"“트럼프 우크라 특사, 내달 초 키이우 등 유럽 방문 계획”",World
"“트럼프 우크라戰 특사, 다음달 초 우크라·유럽 방문”",World
"""트럼프 '우크라전 특사', 1월 초 우크라·유럽국가 방문""",World
[속보] 美당국자 “러 쿠르스크 전투서 북한군 수백명 사상”,World
"“김정은과 잘 지낸다”면서도 한국 언급은 없었다… 트럼프, 강대국 정상외교 시동",World
"[인터뷰] 빅터차 ""韓, 정치공백에 트럼프 대비 어려워…코리아 패싱 위험""",World
"뉴욕증시, FOMC 앞 일제히 하락 마감…다우, 9일 연속↓",World
"테슬라 주가, 3.6% 올라 479달러로 또 최고…시총 1조5천억달러",World
"러시아 화생방 총괄 사령관, 모스크바서 스쿠터 폭발로 사망",World
[속보] 美당국자 “러 쿠르스크 전투서 북한군 수백명 사상”<로이터>,World
특수부대 출신 美 안보 수장… 팔굽혀펴기 44번 한 사연 [영상],World
뉴욕 3대지수 일제 하락…美소매판매 강세에 금리인하 속도조절 전망,World
"미 백악관·국무부 ""이스라엘-하마스 휴전 타결, 조심스럽게 낙관""",World
"美, 中 ‘소금 태풍’ 해킹에 차이나텔레콤 전면 금지 보복[미중 해킹전쟁➀]",World
러 파병 북한군 드론 위험 몰라 좀비처럼 돌진(종합),World
"[글로벌 비즈] ""日 혼다-닛산 합병 추진""",World
"김어준에 암살조 제보는 미국?…美국무부 ""아는 바 없다""(종합)",World
"북한 병사들, 드론 위험성 이해 못해 좀비처럼 돌진",World
‘한국 언급’없는 트럼프…미 전문가 “권한대행과 한미 양자 회담은 없을 가능성”,World
"트럼프의 '우크라이나 특사', 다음달 '유럽 방문' 계획",World
"""日 혼다, 닛산과 합병 협상""…세계 3위 車업체 탄생하나",World
"“트럼프의 우크라이나 전쟁 특사, 다음달 초 우크라·유럽 방문”",World
"러 화생방 사령관, 모스크바 대로변서 폭사…“우크라이나 보안국 특수작전”",World
"시진핑, 대만·홍콩 보란 듯 ‘일국양제 모범생’ 마카오 띄우기",World
“日 닛케이 히트상품에 니가 왜 나와”…한 번이라도 본 사람은 고개 끄덕,World
"젤렌스키 ""트럼프와 '종전' 직접 논의…제3자 필요 없다""",World
무너진 유럽 리더십…트럼프는 누가 상대하나 [특파원 리포트],World
중·일 정상외교 시동 거는 트럼프...'한국 패싱' 우려 커져,World
"""트럼프의 우크라戰 특사, 내달 초 우크라·유럽 방문"" < 로이터 >",World
"美 전문가 ""한덕수·트럼프, 양자회담 난망""…'코리아 패싱' 우려 확산",World
"NYT ""세계 정상들 만나는 머스크, 美 정부 보안 규정 위반""",World
"비트코인, 3일 연속 최고가…10만8000달러 돌파",World
"무신사, L브랜드 ‘오리털 논란’에 ”단호히 대응""",IT
우주청 개청·삼성전자 V낸드…올해의 과학기술 주요 뉴스 선정,IT
"‘메모리 풍향계’ 마이크론, 내년 실적 둔화 예고에… 삼성전자·SK하이닉스 전망도 ‘잿빛’",IT
"아이즈비전, 세종텔레콤 알뜰폰 인수 타진",IT
"한화정밀기계, 한미반도체 특허침해 소송에 ""허위 주장 바로 잡겠다"" 반박",IT
"업비트, '마켓 인사이트' 기능 업데이트...해외 거래소와 시세 차이 확인 지원",IT
한미-한화 정면 충돌…HBM 장비 소송전 발발,IT
"""헉, 교통범칙금?"" 링크 눌렀다가 '아차'…즉시 해야 할 4가지",IT
"메타 스마트 안경, AI 만났다…""실시간 번역·노래 찾기 척척""",IT
“세대당 전기료 2만8천원 절감”…화재위험도 막는 ‘스마트 분전반’ 나왔다,IT
여당 첫 알뜰폰 점유율 제한법 발의 '이통3사 자회사 50%제한·사전규제 부활',IT
"대화방 자동번역 해볼까…카카오톡, 번역·맞춤법 기능 업데이트",IT
"코빗, 2025 가상자산 시장 전망 보고서 발간...""알트코인 제도권 진입 가속화""",IT
사상 초유 홈쇼핑 '블랙아웃' 보름째…과기정통부 역할론,IT
'메모리 풍향계' 마이크론 “PC·스마트폰 수요 둔화”,IT
"정부, AI·반도체 등 100대 첨단 소재 발굴·조기 선점키로",IT
"LG전자, 세계 첫 무선·투명 OLED TV 글로벌 출시",IT
선 넘은 中게임사 허위광고…실질적 대책마련 시급,IT
LGU+ 홍범식 직속팀 꾸렸다…경영지원TF 신설,IT
"한미약품 임시주총, 박재현 대표직 유지…""한미에 좋은 결론""",IT
"외환당국·국민연금, 외환스왑 500억 달러→650억 달러",IT
"""10% 벽 넘을 묘수"" 바디프랜드, 가구 '파밀레' 내놓은 까닭…목표 매출은 400억",IT
[팩플] AI와 숏폼 강화...고사 위기 K-OTT 글로벌 경쟁력 키운다,IT
"‘1차 지표 미충족’ 코아스템켐온, 허가 가능성은?",IT
"“냉매없이 –272.85 더 낮게”…KAIST, 세계 최초 소형 초저온 냉각장치 개발",IT
"위메이드, 웃어도 눈물나는 까닭",IT
"세종텔레콤, 알뜰폰 사업 정리한다…수익성 악화에 EB 상환기일 임박",IT
"법원, 2인체제 방통위 제동…""권태선 방문진 이사장 해임 취소하라""",IT
로커스체인 대규모 공개테스트 성료... 다이나믹 샤딩 기술력 증명,IT
"""경영 정상화 신호탄, 실적 개선에 집중"" 한미약품 주총에 본부장들 총출동",IT
"대표직 지킨 박재현 한미약품 대표 ""내년 2000억 투자해 'R&D 명가' 위상 지킬 것""",IT
덜 먹으면 덜 늙는 이유 뭘까…분자에서 단서 발견,IT
법원 “권태선 방문진 이사장 해임 취소해야”…방통위 패소,IT
“10명 중 9명 사망” 무서운 악성 ‘뇌종양’…항암제 내성 극복되나,IT
"랜섬웨어 조직, 상장사 회장 여권까지 공개…기업 “복구 완료” [탈탈털털]",IT
[G-브리핑] ‘서든어택’ 2025 시즌1 사전등록 진행,IT
"서울아산병원, 알츠하이머병 신약 ‘레켐비’ 처방 시작",IT
"총수일가 이사로 등재된 기업, 2년 연속 증가...""책임경영 긍정적""",IT
21일 수도권 눈 '펑펑'…22일 한파 특보 예상,IT
"알리·테무 등 직구로 산 일부 무선충전기, 정부 전자파 기준치 넘었다",IT
"中 CXMT 제조 'DDR5'에 삼성·SK 긴장?…""성능격차 클 듯""",IT
"마이크론, 우울한 내년 실적 전망에 ‘주가 급락’",IT
환율 급등에 남몰래 웃는 소셜카지노 게임사,IT
"카카오톡, 맞춤법 교정·19개국 언어 번역 기능 정식 출시",IT
수소 연료전지 고장 원인 수십 초만에 찾는 AI 나왔다,IT
"美, `해킹 우려` 中 인터넷 라우터 판매 금지 검토",IT
"[바이오맥짚기] 온코크로스, 증시 첫날 22% '껑충'...휴온스글로벌도 급등",IT
日 첫 민간기업 '위성 탑재 로켓' 발사 또 실패,IT
"""中 에코백스랑 다르네""…삼성전자, 개인정보 지키는 '이 제품'으로 제대로 인정 받았다",IT
"KAIST, 냉매 필요 없는 소형 초저온 냉각장치 '세계 최초' 개발",IT
美 생물보안법 연내 통과 불발…내년 연장전 돌입,IT
"""내년 韓 관광 수요 크게 늘 것"" 예측한 AI…변수는 '국정혼란 조기 수습'",IT
"""내년 1천873만명 한국 관광올 듯…중국인 가장 많아""",IT
"비트코인, 10만 달러 붕괴...FOMC 긴축 가능성 언급 영향",IT
올해 신규설치 앱 1~3위 모두 '해외 플랫폼'…테무 압도적 1위,IT
"카카오엔터 ""조명가게 원작 웹툰 조회수 187배 증가""",IT
"""의료계 의개특위 다시 참여 요청…지역·필수의료 착실히 추진""(종합)",IT
韓 플랫폼 규제에 美 재계 또 ‘경고등’…국내 기업만 이중고 우려,IT
"KAIST, 소형 초저온 냉각장치 개발…기존 희석식 냉동기 대체 기대",IT
"""수련병원 전공의 지원 위축 우려…모집 과정 철저히 관리""",IT
엔비디아가 출시한 36만원짜리 AI개발자키트 어디에 쓰나,IT
과학자들도 인정한 ‘헬리콥터 부모’ 자리돔의 양육법 [핵잼 사이언스],IT
"파마리서치, 사상 최대 분기 수출?…‘글로벌 K뷰티 대표’ 예고",IT
[기술영업人] 혁신금융·AI 도입으로 업계 선도 나선 ‘NHN두레이’의 기술영업,IT
"""교모세포종 항암제 내성 극복할 유망 표적 유전자 찾았다""",IT
"방문진 권태선 ""방통위, 사과·반성해야""…방통위 ""판결문 검토가 먼저""",IT
"MBK·영풍, 고려아연 지분 1.13% 추가 취득…과반 눈앞",IT
"복지부 “의료개혁 계속 추진… 의료계, 대화 재개하자”",IT
"잘 나가던 테슬라, 8% 넘게 폭락…이유는?",IT
"이주호 장관 “AI교과서, 교육자료 격하 땐 개인정보보호도 어려워”",IT
[이미선의 헬스테크] 미리 보는 제약바이오 트렌드는 `비만치료제·ADC`,IT
"챗GPT, 음성전화·왓츠앱에서도 쓴다",IT
"""日 가라테를 韓 태권도로?""…넷플릭스, 더빙 논란에 ""제작사에 수정 요청""",IT
"중국산 공유기 쓰다 해킹당할라...美정부, 중국산 TP링크 금지 검토",IT
"권태선 방문진 이사장, 해임처분 승소…방통위 사과 요구",IT
"'LG 구독 도입' 전자랜드 ""가전제품 구독 서비스 오른다""",IT
"[유미's 픽] ""이러다 AI 생태계 무너질라""…美·유럽선 돈 잔치, 韓에선 '찬밥'",IT
"지니틱스, 노트북 등 IT 터치패드 모듈로 사업 다각화 추진",IT
"[ICT 2024 결산⑧] 글로벌 AI 격전, '진흥'과 '규제' 두 마리 토끼 잡아야",IT
"美 흑연업계, 中 경쟁사에 920% 관세 부과 요청",IT
내년 어두운 전망에… 마이크론 시간외 주가 13% 급락,IT
"갤럭시 언팩 포스터 유출…""내년 1월 22일, 갤럭시S25 슬림도 공개""",IT
‘황금 혀’ 가진 이집트 미라 13구 발견…죽음의 신과 대화 [핵잼 사이언스],IT
"‘무선∙투명 올레드 TV’ LG 시그니처 올레드 T, 글로벌 출시 돌입",IT
"SK머티리얼즈에어플러스, SK에어플러스로 사명 변경…반도체 사업 시너지 본격화",IT
"中, 최장 우주유영 기록깼다…""美 기록보다 10분 길어"" [우주로 간다]",IT
"세브란스병원, 심방세동 치료 新의료기술 ‘펄스장 절제술’ 성공",IT
월 사용료 288만원?… 오픈AI 요금제에 쏠린 눈,IT
"‘조명가게’ 흥행에 웹툰 열풍…조회수 187배, 매출 159배 증가",IT
"아이폰17 프로 카메라 확 바뀐다고?…""천만에""",IT
"마이크론, HBM 사업 호조에도 주가 15% 급락한 이유는",IT
"[이기자의 게임픽] 워게이밍, 10년만에 신작 '스틸헌터'로 새 도전",IT
"""근처 갈 만한 커피숍 알려줘""…'이 번호' 누르자 챗GPT가 받았다 [송영찬의 실밸포커스]",IT
에릭슨엘지 “2030년 전세계 5G 가입 63억건…SA도입 필요”,IT
"구광모 LG 회장, 신년사서 ""도전과 변화 DNA로 미래 세우자""",IT
"LG전자, 세계 최초 '무선∙투명 올레드 TV’ 출시",IT
"""애플, 아이폰 하드웨어 구독 서비스 출시 계획 취소""",IT
中 '7000mAh 배터리' 40만 원 대 중저가 폰 잇단 출시,IT
"각자→ 단독 대표 전환…정진웅 닥터나우 대표, 미래 비전 시동",IT
"마이크론 ""HBM 고객사 3곳으로 확장""…HBM4 양산도 자신감",IT
"韓 연구자, 노벨화학상 수상자와 협업…AI로 바이러스 모방한 `유전자 전달체` 개발",IT
"마이크론, 내년 '메모리 부진' 전망…삼성·SK도 악영향 불가피",IT
"‘발로란트’ 이스포츠, 역대 최고 성과 달성… ‘발드컵’ 4400만명 봤다",IT
"""5G, 2030년 전세계 모바일 트래픽 80% 차지""",IT
외아들 결혼 앞두고 쓰러진 아버지…6명 생명 살리고 하늘 나라로,IT
"KAIST, 우주·양자 기술 위한 초소형 초저온 냉각장치 개발",IT
"엔비디아, 소형 생성형 AI 슈퍼컴 ‘젯슨 오린 나노 슈퍼’ 출시.. 가격은 낮춰",IT
"30만원대 AI 키즈폰 나왔다…LGU+, `U+키즈폰 무너 에디션` 출시",IT
"""尹 의대증원, 서남의대 같은 폐교사태 불러올 것…모집 정지해야""",IT
AI로 연료전지 고장 원인 찾는다…분석 속도 100배↑,IT
"'메모리 풍향계' 마이크론, 수요 부진에 가이던스 '뚝'",IT
초속 1600km 중성자별이 그린 ‘기타 성운’,IT
"바이오플러스, 영업개편·공장완공 내년 최대실적 예고",IT
"삼성디스플레이, 돌비와 손잡고 '차량용 OLED' 리더십 강화",IT
"두산에너빌리티, 美 테라파워 SMR 기자재 공급사로 선정",IT
스마트폰 없어도 집 전화로도 챗GPT 쓴다,IT
'생물보안법' 연내 통과 불발…'中 바이오 저격' 실패한 美,IT
"[IT클로즈업] 본회의만 남은 AI기본법, 통과돼도 갈길 멀었다",IT
[자막뉴스] '눈과 귀로만' 했던 다리 점검...이젠 손쉽게 '정밀 검사',IT
"깃허브, AI 코딩비서 무료버전 '깃허브 프리' 출시",IT
동아에스티 스텔라라 시밀러 '이뮬도사' 유럽 품목허가 획득,IT
"기업 싱크탱크 수장들, '고환율·고관세 이중고 우려' 한목소리",IT
디즈니+ '조명가게' 흥행에...원작 웹툰도 정주행 열풍,IT
"부광약품, 3년 만 흑자전환 ‘서광’…구조조정+신규 수익원 강화",IT
"마이크로바이옴 선두주자 '3사 3색', 누가 유리할까",IT
"""슈퍼앱으로 키우겠다""…유인상 선언에 'CJ 원' 사업 커졌다",IT
"루닛, 임원 블록딜 소식에 주가 하락하자…6억원치 장내매수",IT
"삼성디스플레이, 돌비와 손잡고 차세대 차량용 OLED 프로모션",IT
"NH투자 ""컴투스, 日 야구 게임 출시 기대…목표가↑""",IT
"인텔, 코어 울트라 200S 성능 분석 결과 공개",IT
"[분석+] 브릿지바이오, 자금조달 풍문에 급등락 반복…법차손 해결 진행 상황은",IT
"한화큐셀, 텐덤셀 상용화 한 발짝…최고 효율 달성",IT
"[분석+] 셀트리온 vs 산도즈, 200조 바이오시밀러 시장에서 경쟁력은",IT
"최상목 ""12월 FOMC 결과, 금융·외환시장 단기적 변동성 확대될 것""",IT
"화웨이 ""18m 떨어져도 QR코드 스캔 가능""",IT
비트코인 급락 5.25%↓…한 때 10만 달러 선 위협,IT
"안현 SK하이닉스 사장 ""반도체 주 52시간제, 부정적 관행 만들까 우려""",IT
"“하루 평균 2억원” 소문난 기부 맛집, KAIST…비결 뭐길래",IT
“시세 차이 한 눈에 비교”…업비트 ‘마켓 인사이트’ 기능 추가,IT
[IT썰] 美 왓츠앱에서 '이 번호' 전화하면 챗GPT 답한다,IT
코로나 때 '반짝' 2조 넘게 몰리더니…너도나도 '손절 러시',IT
"'메모리 풍향계' 마이크론, 실적 예상치 상회했지만 가이던스 실망",IT
[IT클로즈업] 한국 게임사는 왜 폴란드에 꽂혔을까,IT
"KT엠모바일, '1인 결합' 서비스 '아무나 SOLO' 출시…왜? [IT클로즈업]",IT
미국 연준 금리 0.25%p 인하…내년 두 번 추가 금리 인하 관측,IT
소변으로 방광암 조기 진단…두 차례 융합 통해 창업 도전,IT
월 288만원에 전문가용 AI까지 사용…오픈AI 요금제에 쏠린 눈,IT
내년에도 기약 없는 낸드플래시 증설 투자… 日 키옥시아로 눈돌리는 韓 장비업계,IT
[비즈톡톡] 고급 TV 시장서도 밀리는 세계 1위 삼성… ‘싼 맛’에서 ‘매운 맛’으로 진화한 中,IT
"갤럭시S25 슬림, 조기 출격하나.. 언팩 초대장 유출 [1일IT템]",IT
"""실적 회복 기대했는데""…면세점, 환율 급등에 울상",IT
SKT도 접는데… 메타버스 고집하는 롯데이노베이트,IT
"인기 웹툰 게임 시장으로 진격…네이버웹툰, 'IP 확장' 총공세 나선다",IT
"어쩌면 새드엔딩… 백설공주는 심장병, 야수에 푹 빠진 벨은 광견병? [달콤한 사이언스]",IT
‘응축된 별’의 메시지… 암흑물질 비밀 풀까,IT
"[사이테크+] 다람쥐가 잡식성?…""다람쥐 광범위한 사냥·육식 행동 확인""",IT
"[전문가 칼럼]폐암, 조기 발견-항암제 급여화로 완치율 높여야",IT
안전하게 건너자!...전자기 센서로 출렁다리 진단,IT
"[뉴테크] 삼성의 기술력, MIT의 아이디어 만나 차세대 3D 반도체 집적 기술 개발",IT
“韓 과학자 일냈다” AI로 바이러스 모방…유전자 치료기술 신기원 연다,IT
‘젊은 달’은 착각…최소 45억살은 됐다,IT
"삼성이 자금 부은 MIT팀, 차세대 반도체 기술 개발…네이처 게재",IT
“구글·애플 건드리지 마” 트럼프 무역팀의 내정간섭,IT
“새해 CES ‘양자컴’도 신설… 최대 규모 될 것”,IT
"마당 빨랫줄까지 피한 드론, 와인 한병 15분만에 주방에",IT
조선일보 테크팀이 뽑은 2024 테크놀로지 10대 뉴스,IT
"中, 첨단 D램도 양산… 삼성·하이닉스 턱밑 추격",IT
"中 우주비행사, 9시간 유영… 세계기록 깼다",IT
“무조건 2배 간다” 초특가 세일중 난리더니…결국 터질게 터졌다,IT
"미디어도 AI전환…리턴제로, `AI 기반 기사 작성 어시스턴트` 성과 발표",IT
"사람 따라 무단횡단 하던 로봇과 '쾅'…""전례 없는 사고"" 누구 책임?",IT
"“외면했다가 ‘날벼락’” 청구서 금액만 월 ‘3000조원’…누가 책임져?[지구, 뭐래?]",IT
"美 상공회의소, 韓 플랫폼법 또 공개 반대",IT
"에코프로머티, 827억 합작 투자 철회…""캐즘 때문""",IT
"뉴아인 ""전기로 뼈전이 암 치료…세계 최초로 전자약 개발 중""",IT
"위기의 K-반도체…""생태계 이끌 한국형 공공 파운드리 만들자""",IT
"초격차도 이젠 옛말…‘K-반도체’ 역사상 최대 위기, “골든타임 얼마 없다” 호소",IT
"생존의 기로에 서 있는 K-반도체…공학한림원 ""20년간 300조 지원해야""",IT
"석유 키우는 美, 수소 찾는 中…""내년 국제 유가 하락""",IT
반도체산업 부지런함 사라졌다?... 산업 위기에 '주 52시간' 탓한 공학한림원,IT
‘150만명’ 초유의 이탈 행렬…“쫄딱 망한 줄 알았는데” 의외의 반전?,IT
"""KSMC 만들어 반도체 위기 극복…주 52시간은 걸림돌""(종합)",IT
AI 다음은 양자… 실험실 벗어나 상용화 이끈다,IT
SK 간접출자 日키옥시아 상장 첫날 10% 올라 시총 8.1조원,IT
구글 닥스서 제미나이 바로 쓴다…기사작성도 몇 초 만에 뚝딱,IT
韓통신비 OECD 평균 절반 안돼…'기기 할부금' 제외 필요성 [통신비 오해와 진실 (2)],IT
"KIST, 건성 황반변성 펩타이트 치료제 기술이전",IT
"안현 SK하이닉스 개발총괄 사장 ""주 52시간제, 반도체 개발에 부정적인 영향""",IT
“이게 정말 될까” 온 가족이 슬픈 ‘치매’…토종 치료제 나오나,IT
왜 거기서 나와?…뒷마당에서 ‘선사시대 마스토돈’ 화석 발견[핵잼 사이언스],IT
2025년 우리를 괴롭힐 사이버 위협은? [탈탈털털],IT
“이러면 애플 안 쓴다” 70만원 주고 샀는데…의외의 ‘반전’,IT
"""민간 저궤도위성 활용 해역 감시…MDA(해양영역인식) 강화해 해양주권 높여야"" [사이언스]",IT
"비만치료제 위고비 대항마·美 트럼프 정부 출범…네이처, 2025년 주목할 과학이벤트",IT
고성능 제미나이 조기 도입 'AI 자존심' 회복 나선 구글,IT
"""박형욱·박단 불참""…野 '의료사태 해결 토론회' 시작 전부터 삐걱",IT
IBS '상위 1% 논문 비중' 세계 최상위…한우물 연구로 예산 10배 유럽硏 제쳐,IT
"웹툰 강남미인·이생잘 ""게임도 잘 부탁해""",IT
"종로 떠나는 카카오엔터, 내년 2월 판교로 옮긴다",IT
"[DD퇴근길] 구글 '제미나이', 韓 협업툴 공략법은…'요기요', 이유있는 흑자 전환",IT
네이버가 쏜다! 웹툰 보고 호캉스 가자,IT
"업계 떠는 '플랫폼법' 도입 재시동…여야 ""새 규제 논의 필요"" 공감",IT
"김남균 전기연구원장 “30년 걸려도 ‘돈 되는 기술’ 도전""",IT
머스크가 비행기에서 즐긴 이 게임…카카오게임즈도 덕 볼까,IT
"AI 비서 선보인 세일즈포스, ""명령 안해도 알아서 업무 보조""",IT
젊은층은 신년 운세 보러 점집보다 '이곳' 찾는다는데…,IT
설립 넉달만에 유니콘…'마법의 주문'된 AI,IT
"日 반도체 키옥시아, 상장 첫날 10% 상승",IT
송도서 배달로봇-차량 접촉사고…누구 책임,IT
트럼프에 요동치는 K배터리...ESS 틈새 엿보는 소재 기업들,IT
"5.5조 온누리상품권, 운영자 이관 과정서 진통",IT
내년에도 싱글 플레이 기반 韓 PC·콘솔 뜬다,IT
“늘어난 의대생 가르칠 여건 아냐… 2026년 신입생 0명 돼야”,IT
'굿바이 3G' 해외 이통사들…한국은 언제?,IT
"먹는 비만약, 달·태양 탐사...네이처가 뽑은 2025년에 주목할 과학",IT
"‘가장 선호하는 광고 모델’ 10대는 뉴진스, 40대는 OO, 유재석 아니었다",IT
AI 신약개발 기업 온코크로스 상장 첫날 22% 강세…냉랭한 시장에 훈풍 불어넣을까,IT
국내 클라우드 빅3가 공개한 '무기'와 확장 전략은…,IT
"PC 업계, 환율 상승·소비 위축 이중고에 '깊은 한숨'",IT
[SBA 글로벌] 대한민국 우주 상업 발사 신호탄 준비하는 ‘페리지에어로스페이스’,IT
"[단독]""계열사 모여라"" 카카오엔터, 내년 2월 판교로 이사",IT
18년 역사 SOOP 넘은 네이버 '치지직'…지각변동 오나,IT
정부는 ‘콘솔 게임’ 생태계 조성하겠다는데… 게임업계 “현실 모르는 계획”,IT
"삼성전기, 전략마케팅·광학통신 수장 선임…'비즈니스오퍼레이션'도 신설",IT
"김기남 회장 ""반도체는 국가대항전…위기 원인은 절박함 부족""",IT
"의료계 ""2026년 의대생 뽑아선 안 돼""…정부 ""대화 거부 시 내년에도 증원""",IT
각자 방식으로 나선 게이머들…쏟아진 ‘계엄·탄핵’ 게임,IT
"엔비디아, 35만원짜리 AI앱용 칩 출시",IT
"시스코의 다음 30년은 'AI·보안'…""매출 성장 자신""",IT
"""네란버거·계엄버거 출시해주세요""…롯데리아, 밈 화제에 '당혹'",IT
"조선시대 핼리혜성 상세기록한 '성변측후단자'…천문연, 세계기록유산 등재 추진",IT
"K-웹툰 콘텐츠 생산 넘치는데… “韓 정부, 플랫폼 전략 고민해야”",IT
중국에 '천당' 새로 선보이는 엔씨…텐센트 통해 서비스,IT
LG전자 조주완 “위기 속 성장 기회…제품·원가 경쟁력 확보”,IT
모바일 신분증 발급 400만 돌파…내년엔 전자 주민증 전면 도입,IT
혈액 속 극소량 종양 세포 잡아낸다…체외 진단 혁신 나선 엘엠엔틱바이오텍,IT
"K-반도체 위기다...""정부 직접 지원 확대하고, 인재 유출 막아야""",IT
"[SBA 글로벌] ICTK “세계 최초 상용화한 PUF 기반 보안칩 , 국방 분야 공략도 눈앞“",IT
한미약품 경영권 19일 주총 대결…박재현 대표 해임 놓고 격돌,IT
"삼성라이프사이언스펀드, 美 제너레이트바이오메디슨에 투자",IT
"""AI검색 공짜로 쓰세요"" 빗장 풀린 AI검색 시장",IT
"이창용 ""탄핵으로 소비 심리 크게 위축… 경기 부양할 추경 필요""",IT
목성의 달 ‘이오’에 용암 바다 없다 [우주로 간다],IT
野 주도 규제입법에 기업 고민 깊어진다,IT
"""지금 20兆 투자하면 20년 뒤 300兆로 돌아와"" 공학분야 최고 석학들의 반도체 위기 해법",IT
탄핵 정국에 밀려난 AI 정책…주요 3국 도약 타격 우려[길잃은 방향타],IT
SK하이닉스·네이버도 쓴다…한국에서 30주년 맞은 시스코코리아,IT
‘우주의 풍경’이 우표로…세계 최고 망원경이 찍었다 [아하! 우주],IT
"""북한군 살려..."" 킬러로 변모한 하늘의 눈 '드론'",IT
'20대만 로맨스 하나요?' 중년의 달달한 사랑 드라마 뜬다,IT
"시스코 “AI 진검승부 시대, 보안 사업 확장하겠다”",IT
ESS 시장 분리막 중요도↑…세라믹 코팅·나노소재 기술 판도 좌우 [소부장박대리],IT
삼성 시스템반도체 반전 열쇠는 엑시노스…수율이 관건 [소부장반차장],IT
"구글 제미나이, 이메일 대신 답장해 주고 스프레드시트 만든다",IT
"웹툰엔터, 한국판 디즈니 본격 시동…美 굿즈 사업 본격화",IT
"美 상공회의소, 한국 온플법 여야안 모두 반대…""무역합의 어겨""",IT
"엔씨, 中 텐센트와 손잡고 '리니지2M' 중국 서비스",IT
'검색 개방' 챗GPT에 구글·네이버 긴장,IT
"한컴, AI 전환 첫 결실 …기술·영업 총괄 임원 동반 승진(종합)",IT
"토종 OTT, 동맹 지형 확 바뀐다…티빙·애플 vs 쿠플·파라마운트",IT
"""머스크는 향후 힘써야 할 곳이 차가 아니라 로봇이라더라""",IT
구글 제미나이 시연해보니…기사 초안 몇초만에 '뚝딱' 작성,IT
[단독]AI 마스터플랜 급한데…국가AI위원회 예산 '0원',IT
"SK쉴더스, AI 보안관제 기업 시큐레이어 인수",IT
"동아에스티, 스텔라라 바이오시밀러 ‘이뮬도사’ 유럽 허가 획득",IT
내년부터 통신사가 내 사용량에 딱 맞는 요금제 추천해준다,IT
"SK하이닉스, AI 데이터센터용 SSD 개발…전송 속도 32GT/s 구현",IT
"1%대 저성장 ‘경고등’…정부, ‘경제정책방향’에 담길 묘책은?",IT
"[2024 IT혁신상품] '꿈의 가전' 세탁건조기 이끈 LG전자…워시타워·콤보, AI+히트펌프로 차별화",IT
[2024 IT혁신상품] '생성형 AI폰 시장 선점 주역' 갤S24…갤럭시 AI 시대도 열었다,IT
업무용 AI로 변신한 구글 ‘제미나이’… 창 전환 없이 이메일 요약·문서 작성·번역까지,IT
"엔씨 '리니지2M', 中 서비스 텐센트-샤오밍타이지가 맡는다",IT
"“모든 업무에 제미나이가”...구글, 한국 협업툴 시장 파고든다",IT
"구글은 AI 성능, 오픈AI는 검색으로 ‘적진 진격’",IT
"이재명, 권성동 만나 ""조속하게 민생안정 추경 논의""",IT
"유인촌 ""비상계엄 잘못…한예종 독립예술기관 검토""",IT
"HD현대중공업, 최신예 호위함 '충남함' 해군에 인도",IT
"30년 韓 IT 품은 시스코, AI·보안 사업 강화",IT
머스크 우주 독점 깰까… 베이조스 도전에 우주 경쟁 2라운드,IT
"정부, “새해 생성형 AI 악용 공격 본격화…디도스 공격도 늘어날 듯”",IT
"K게임, 새해 수출 '보릿고개'… 내실 다지기 주력",IT
"의료계·정치권 대화 창 열릴까…의사단체·국회, 19일 간담회",IT
"엔씨소프트 ‘리니지2M’, 텐센트 손 잡고 中 서비스",IT
"스택스, 탈중앙 비트코인 페그 시스템 sBTC 메인넷 출시",IT
"알스퀘어, 계정 해킹 의심...외교부 위장 스팸 메일 발송돼",IT
네이버·KT·NHN클라우드의 미래 전략 키워드는? [클라우드+],IT
"애플, 민주콩고에 반박…""'피 묻은 광물' 안 써""",IT
모바일 신분증 발급자 400만명 돌파,IT
네이처가 꼽은 2025년 과학 뉴스는?,IT
"중국 우주비행사 2명, 9시간 우주유영…""세계 최장 기록 경신""",IT
"""월 평균 70GB 쓰셨네요. 이 요금제 어때요?""…통신료 추천서비스 나온다",IT
3G 가입자 1% 미만으로…해외는 서비스 종료 추세,IT
"유인촌 ""윤 대통령 계엄 선포 가짜뉴스인 줄""",IT
"SK쉴더스, 시큐레이어 인수…“글로벌 진출 본격화”",IT
원형 RNA로 특정 질병 유전자 치료 가능성 열어,IT
인플레이션도 소득따라 불평등하게 왔다,IT
"정부, 반도체·AI·양자 등 12대 국가전략기술 대표 사업 발굴…특례 제공",IT
"한컴그룹 임원인사 단행…""AI 전환에 방점""",IT
"""위험하니 피해 계세요""…공사장 출동한 '로봇 신호수'",IT
미국서 돼지 신장 이식받은 세번째 사례 나와,IT
"네이버, '완결 웹툰' 무료 공개부터 파인다이닝 할인까지",IT
"울산의대 교수·전공의 ""尹 의료계엄 해제하고 입시 중단해야""(종합)",IT
"""온디바이스AI 산업 키워야 글로벌 AI 주도권 잡는다""",IT
"헌법재판관 후보자 3명 인사청문, 23~24일 열린다",IT
"시프트업, 게임 시상식 단골 손님 된 비결… ‘사람’",IT
"시위 나선 울산의대 교수들 ""이대로면 내후년 정원 0 돼야""",IT
"""갤럭시S25 울트라, 아이폰16 프로 맥스보다 베젤 얇다""",IT
"과기부 ""AI 기술 악용한 사이버 공격, 내년부터 본격화""",IT
"트럼프 2기 출범 앞두고, 한국 AI 산업 진흥에 집중해야",IT
"'같은 패키징, 다른 패널'…삼성 vs TSMC, FO-PLP 승부",IT
"올 상반기 문자스팸 역대 최다…통신3사, 스팸 차단 총력전",IT
원형 형태 RNA로 표적 유전자 치료,IT
내년 산부인과 전공의 지원자 단 1명·흉부외과 2명에 그쳐,IT
"‘블루 아카이브’ 게이머, 포항 화재 피해자에 기부 행렬",IT
"정부, 용인 반도체 산단 연내 승인…기업 투자 활성화 지원",IT
"해외 통신사, 3G 서비스 잇달아 종료… 韓 조기 종료 가능성 이목",IT
"""윤석열표 의대 증원 원천무효…내년 신입생 3058명 돼야""",IT
"새해 공공 와이파이 없앤다고? ""계속 사용 가능…추가 구축만 중단""",IT
"""혐오스럽다"" MS 'AI 비서' 직격한 세일즈포스…야심작 대공개 [송영찬의 실밸포커스]",IT
스팸·스미싱 끝없는 증가세…내년엔 '악성 AI 모델' 주의보,IT
생성형AI 쓰는 해커들…“내년 악용사례 늘어날 것”,IT
테이블·카트로 변신 뚝딱…KIST '오봇' 로봇 디자인대회 최고상,IT
"""내년 사이버위협에 AI 악용 본격화…AI 가짜뉴스에 사회혼란도""",IT
"웜GPT로 피싱 문구 생성…""내년 AI 악용한 사이버 위협 증가""",IT
"시스코코리아 30주년…최지희 대표 ""AI 보안 포트폴리오 집중""(종합)",IT
"엔비디아, 소형 컴퓨터 ‘젯슨’ 신제품 내놔… 출시가 249달러",IT
화성 먼저 간 선배보다 나은 ‘청출어람’ 우주 탐사차…떠날 곳은 어디?,IT
"데이터브릭스, 기업 가치 620억달러… AI·데이터 강자로 부상",IT
"中 우주인, 우주선 밖에서 9시간 유영...23년 만 세계 기록 갱신",IT
"카카오게임즈 ‘패스 오브 엑자일 2’, 일론 머스크도 반한 흥행 돌풍… ‘디아블로4’는 주춤",IT
아이폰12 고객도 LG유플러스 AI에이전트 ‘익시오’ 쓴다,IT
"삼성전자, 내년 CES서 'AI 홈' 스크린 가전 대거 공개",IT
내년 출격 ‘갤럭시 AI’ 개인화 경험 선사,IT
방사능 견디는 슈퍼박테리아…인류 우주진출 키 지녔다 [핵잼 사이언스],IT
"“아빠가 있잖아, 힘들면 내려와” 올해 ‘전국민 감동’ 카톡 메시지",IT
"[유통 픽] 스타벅스, 11개 매장서 칵테일 판매 外",IT
"LGU+ ‘익시오’, 아이폰12·13서도 이용 가능",IT
"SK쉴더스, AI기반 보안기업 ‘시큐레이어’ 인수",IT
"LG전자, 무선 LCD TV ‘QNED 에보’ 공개",IT
녹십자 ‘알리글로’+‘헌터라제’ 양날개 펴고 매출 급성장 예고,IT
"POE2 띄운 카카오게임즈, 기존 작품도 순항…내년 기상도 '맑음'",IT
"KIST, 휴온스바이오파마와 건성 황반변성 치료용 펩타이드 치료제 개발 나서",IT
"""머스크, 美 군사 보안 규정 어겨 조사 받아""",IT
"""올해만 4번째"" 정용진, 트럼프 주니어 조우…美마러라고 방문",IT
"美, 대만 글로벌웨이퍼스 반도체 보조금 확정… 5800억원 규모",IT
"생명연 등, 새로운 '타우단백질 제거 기전' 규명…알츠하이머병 치료제 개발 앞당긴다",IT
"신작 게임 '레전드 오브 이미르', 위메이드 새 날개되나",IT
[르포] 미래 도시란... SKT 티움이 선사한 '특별한 경험',IT
"두핸즈, 내년에도 택배비 판가 동결한다",IT
알츠하이머병 원인 타우단백질 없애는 단백질 찾았다,IT
알츠하이머 극복 길 열리나…원인물질 제거 단백질 찾았다,IT
"""20조 시장 공략""...셀트리온, 자가면역질환약 ‘스테키마’ 미 허가",IT
아이폰12·13서도 LGU+ `익시오` 쓴다,IT
"""아이폰17 프로 맥스, 뒷면 확 바뀌었네""",IT
잠금화면서 통역·음악감상…더 똑똑해진 `갤럭시AI`,IT
"대웅제약 ""간 섬유증 신약후보물질, 신약개발사업과제 선정""",IT
조주완 LG전자 사장 “위기는 위험과 기회가 합쳐진 말… 관성 탈피해야”,IT
"'30주년' 시스코코리아 ""韓 디지털 전환에 기여.. AI·보안 기업으로 거듭날 것""",IT
"셀트리온, 스텔라라 시밀러 '스테키마' 美 판매허가 획득",IT
"구글 웨이모 자율주행차, 내년 초 도쿄서 달린다",IT
"LGU+ ""아이폰12도 익시오 사용 가능해""",IT
"[DNA혁신상] ③라온시큐어 ""국가 디지털 신원인증 혁신 선도""",IT
"美, 대만 글로벌웨이퍼스 반도체 보조금 확정...삼성·SK는?",IT
"[DNA혁신상] ②라이온로보틱스 ""로봇을 통해 혁신을 일군다""",IT
"풀필먼트 품고, 3년 연속 택배비 동결 ""2025년에도 인상 없다""",IT
"EU, 가상자산 규제 회색지대 없앴다…'MiCA' 최종안 공개",IT
"샌디스크, 내년 분사 앞두고 새 로고 공개",IT
"""5년 내 글로벌 빅테크 진입""…정기 인사 단행한 한컴, AI로 체질 개선 가속",IT
"""반도체 신제품 80%가 친환경...ST의 경쟁력이죠""",IT
"“3주 걸릴 일이 이틀만에”...LGD, OLED 제조 공정에 AI 도입",IT
3분기 스마트폰 판매량 3%↑…신흥시장 중심 성장,IT
머스크도 빠진 'POE 2' 고공행진…디아블로4는 한풀 꺾여,IT
"SK쉴더스, 보안정보 점유율 국내 1위 시큐레이어 인수",IT
"[탄핵정국 현안점검] 알뜰폰 활성화대책, 연내 발표 물건너가나",IT
"아이넥스, 디앱 스토어 개편으로 가상자산 활용성 확대",IT
[단독] 닥사(DAXA) 차기 의장 오세진 코빗 대표 선임,IT
"""스크린 에브리에워"" 삼성전자, CES 2025서 'AI 홈' 탑재한 스크린 대거 공개",IT
"27인치부터 97인치까지…LG디스플레이, OLED 전 라인에 '블루라이트 억제' 탑재 [소부장디과장]",IT
"30대 개발자가 만든 '국회의원 출석표'…""벌써 7만명이 봤다""",IT
"멜론, '윈터 멜론' 캠페인 진행...윈터송 데이터·겨울 대표 아티스트 공개",IT
"셀트리온, 스텔라라 시밀러 FDA 허가…내년 2월 美출시 합의",IT
"LG전자, 올레드 TV 기술 이식한 2025년형 ‘LG QNED evo’ 공개",IT
"핀다 연말정산 계산기 ‘불티’…""올해 사용자 360만명 넘어""",IT
"비트코인, 또 사상 최고가…11만 달러 돌파 초읽기",IT
"삼성전자, CES 2025서 'AI 홈' 탑재한 스크린 가전 대거 공개",IT
"""드디어 아이폰12도""...LGU+, '익시오' 적용기기 확대",IT
"셀트리온, '스텔라라' 바이오시밀러 미국 판매 허가…2월 출시",IT
"사이보그 바퀴벌레, 대량 생산 가능…자동화 기술 개발",IT
"LGD, OLED 공정에 AI 도입…분석 속도·제조 경쟁력 극대화",IT
"트렌드포스 ""엔비디아 '블랙웰' 서버랙 대량 공급 내년 2~3분기로 지연""",IT
"MBK, '외국인 투자' 저촉 논란",IT
"LG디스플레이, OLED 제조 공정에 AI 도입...연 2천억원 비용 절감",IT
90년대 PC시장 독점했던 한컴오피스의 추락…AI로 체질개선,IT
"방심위, 사실과 다른 한정표현 쓴 GS샵·홈앤쇼핑 '권고'",IT
"'OX40L 항체신약' 아이엠바이오로직스, 하경식 대표 “빠르면 내년 상장”",IT
"LG유플러스, 중장년층 겨냥 오리지널 콘텐츠 '실버벨이 울리면' 공개",IT
"""비행시간·여행지 날씨…갤럭시 잠금화면서 확인하세요""",IT
"신형 벤츠에 '티맵 오토' 깔린다…""韓 최적화한 내비""",IT
"KIST, '건성 황반변성 펩타이드 치료제' 기술이전",IT
"AI시대 고용 훈풍 시작?...세일즈포스, 2000명 대규모 채용 발표",IT
"LG엔솔, 인도 에너지社와 배터리 공장 건립 논의",IT
스스로 움직이는 나노모터로 방광암 치료한다,IT
"[사이테크+] ""우리은하 중심부 초대질량 블랙홀 공전하는 쌍성계 발견""",IT
"국내 연구진, 알츠하이머 원인 제거하는 방법 규명...새 접근법 제시",IT
"세일즈포스, '에이전트포스 2.0' 출격…AI 에이전트 시장 주도권 잡기 '총력'",IT
`부산 국제시장에 이어 대구 서문시장에서도`…짝퉁 유통업자 2명 입건,IT
"SK하이닉스, 성능 2배 강해진 AI 데이터센터용 SSD 개발 …연내 글로벌 고객사와 평가",IT
"갤럭시S25+·S25울트라, 공개 1달 앞두고 유출 [1일IT템]",IT
"SK하이닉스, AI 데이터센터용 61TB SSD 개발완료",IT
"넥슨·아이언메이스 분쟁, 내년 2월 선고…증인신문 팽팽",IT
"SK하이닉스, 61TB QLC SSD 개발…초고용량 AI 데이터센터 공략 [소부장반차장]",IT
‘바이오 IP 특허전문’ 변리사가 본 알테오젠 vs 할로자임 특허전 결말은,IT
"""10대가 사랑하는 광고모델 '뉴진스'…20·30·50대는 유재석""",IT
"SK쉴더스, AI 보안 기업 '시큐레이어' 인수…""글로벌 진출 전환점""",IT
"겨울엔 뭘 듣니...멜론, ‘윈터 멜론’ 캠페인 공개",IT
"[2024결산/게임] 정상화의 한 해, 새 출발 준비한 게임업계",IT
[2024결산/플랫폼] 라인야후·총수부재·배달상생…혼란 속 고군분투 이어져,IT
"삼성전자, 새로운 갤럭시 AI로 개인화된 경험 제공",IT
"세종텔레콤, 국내 최초 '코어 공유형 이음5G' 구축",IT
이번 주 레지던트 채용 시험 마무리…필수의료 기피 여전,IT
中 지하철에 세계 최고속 '5.5G' 깔렸다,IT
"제타큐브, 초거대 GPU 대여 DePIN 네트워크 '에이셔'와 전략적 협약",IT
"'트럼프 엔진' 단 테슬라 주가, 또 최고치…美 대선 이후 85% 상승",IT
기업이 뽑은 올해 'HR 핫키워드'...구인난·구직난·구조조정,IT
"""ESG 규제 한눈에""···코딧, 모니터링 플랫폼 선보여",IT
"갤럭시S25 플러스, 버튼 추가…""카메라 조작용?""",IT
"삼성전자, CES 2025서 'AI 홈' 탑재 스크린 가전 대거 공개",IT
"머스크 ""테슬라 미래는 휴머노이드 로봇""",IT
"美 가상자산 업계 ""2025년 가상자산 ETF 물결 예상""",IT
KAIST “원형 RNA로 특정 유전자 표적 치료”,IT
"이제 챗GPT에 묻는다… 오픈AI, 웹 검색 모든 이용자에 개방",IT
'사흘째 상승 중' 비트코인 한 때 10만8천 달러 찍어,IT
[미장브리핑] 다우지수 1978년 이후 가장 긴 하락장,IT
"""성장기회 잡아라""… 제약사들, 9조 디지털 치료제 시장 도전장",IT
"""방송 보다가 놀랐다""…르세라핌 제친 男아이돌 정체 '깜짝' [영상]",IT
[종합] 다시 흐르는 국회 시계…AI법안 본회의 종점 ‘코앞’,IT
카카오엔터테인먼트 이사진 교체…텐센트와 '우호적 관계' 재확인,IT
탄핵 정국 파장…우주 정책 제동 걸리나?,IT
5조5000억원 추산 온누리상품권 정상 운영 적신호…왜?,IT
연말 택시 호출 성적표는…카카오T 독주 속 우버↑·타다↓,IT
"2025년 IT·SW 첫 상장, 클라우드·AI 전환 테마 문연다",IT
구글 '제미나이' 신버전 출시에도 '챗GPT'와 경쟁 벅찬 까닭,IT
"[100세건강] '자다가 고함 지르고 발길질' 렘수면행동장애, 치매 유발",IT
[AI 시대 경고음]②천정부지 비트코인의 이면…해킹 피해만 올해 3조,IT
"인구 위기라는데 '난자 동결' 외면하는 저출산 정책…""난임 예방 가능""",IT
"“고소장 초안 나왔습니다”…법률 지식 빠삭한 이 만능 비서, 정체가",IT
차기 닥사 의장사 향배는... 이석우 의장 연임 안한다,IT
"“유료방송 생태계 흔드는 갑질”… CJENM, LGU+에 채널 사용료 인상 압박",IT
“사명 바꿔도 선정적 이미지 그대로”... 스트리밍 플랫폼 1위 자리 내준 ‘SOOP’,IT
엠폭스부터 조류 인플루엔자까지… 2024년 인류를 위협한 바이러스들,IT
갤럭시S25+ 실물 사진 유출.. 카메라 버튼 생길까 [1일IT템],IT
08년생은 '모바일 민증' 쓴다…어떤 기술로 구현했나,IT
"""TV로 안 본다""…탄핵 정국에 OTT 뉴스 시청량 '껑충'",IT
3G 속속 종료하는 해외 통신사들…한국 조기 종료 탄력 전망,IT
"X 추격하는 스레드, 매각 위기 틱톡…SNS 시장 '지각변동' [팩플]",IT
사업자 갈등에 온누리상품권 불똥…소상공인·이용자 혼란 우려,IT
"""한국형AI로 다양성 한 축 맡으며 글로벌과 협력…투트랙 가야""",IT
"[스타트업 리포트] ""AI가 바꾸는 PR"" 다국어로 보도자료 써주는 AI 개발한 손보미 스타씨드 대표",IT
"[사이테크+] ""가장 오래된 포유류 조상 발견…2억7천만년 전 검치 동물""",IT
"'2026년 적자' 건보 고갈 빨라진다…""수가 조정 필수의료 해답 아냐""",IT
"“들숨에 키스, 날숨에 이혼” 넷플보다 비싼 100초 드라마",IT
[앵글속 세상] 이 로봇이 나를 다시 일으켜 세웠네요,IT
셀트리온 ‘24조 시장’ CDMO 뛰어든다,IT
삼성·LG전자 임원 600명 총집합… ‘가시밭길’ 새해 로드맵 짠다,IT
美 퇴출까지 한달 ‘틱톡’… 트럼프에 “SOS”,IT
"1000억달러 쏜 손정의, 美 AI 데이터센터·칩에 집중 투자",IT
KT '원내비' 쓸쓸한 퇴장…모바일 길안내 시장 '티맵' 독주?,IT
"'17년 표류' 인천로봇랜드, 내년 3월 첫 삽",IT
"“이러다 다 뺏긴다”…역대급 기대작에 넷플릭스 천하, 이 정도일 줄은",IT
탄핵 정국 파장…우주 정책 제동 걸리나?,IT
넥슨 vs 아이언메이스 '다크앤다커' 분쟁…내년 2월 선고,IT
노출 강도 올리며 방송 정지 실험…네이버 '치지직' 찜찜한 1위,IT
"“아빠가 있잖아, 힘들면 내려와” 감동 카톡 오가더니…‘국민 메신저’ 올해도 대박",IT
한미약품 주주총회 이틀 앞두고…형제 측 '물밑 대화' 제안,IT
"[리뷰] 썬더볼트4로 업무효율 극대화, 델 울트라샤프 U2724DE 모니터",IT
"‘다크앤다커’ 소송, 첫 증인 심문… ‘P3’ 유사성·지속성 놓고 줄다리기 공방",IT
임시청사 신세 우주청... 이르면 연말 신청사 입지 확정,IT
‘다크앤다커’ 첫 증인 신문도 팽팽…“P3 그대로 제작” vs “한 차례도 사용한 적 없어”,IT
넥슨vs아이언메이스 '다크앤다커' 분쟁 첫 증인신문... 내년 2월 선고,IT
"넥슨-아이언메이스, 다크앤다커 4차 변론도 팽팽",IT
잠을 자도 피곤하고 얼굴 붓는다면?…놓치기 쉬운 '이 질환',IT
"넥슨-아이언메이스 '다크앤다커' 소송전, 끝까지 첨예…내년 2월 선고",IT
탄핵 정국 파장…우주 정책 제동 걸리나?,IT
[오리진] 스페인 마요르카서 가장 오래된 포유류 조상 화석 발견,IT
게임과 콘텐츠의 결합…`트랜스 미디어` 공들이는 게임업계,IT
"갤S25 빅스비, ‘챗GPT’ 만큼 똑똑해진다",IT
"“무심코 날렸는데, 굶어 죽는다” 하늘 뒤덮는 쓰레기…새들까지 이럴 줄 [지구, 뭐래?]",IT
구글 급소 `검색` 노린 오픈AI...AI발 검색 춘추전국 오나,IT
"셀트리온, 40조 CDMO 시장 공략… 20만L 생산공장 짓는다",IT
"'다크앤다커 분쟁' 넥슨·아이언메이스, 증인신문서도 공방",IT
한국 통신비 제일 비싸다?… 주요국 요금통계 신뢰성 태부족,IT
"인텔과 손잡은 한컴 ""온디바이스AI 공략""",IT
[팩플] 법사위 문턱 넘은 AI 기본법…연내 제정 가시화,IT
"“막걸리의 세계화, 왜 안돼?” 술담화의 도전 통했다",IT
‘계엄 게임’ 〈서울의 밤〉 개발자 “3일 밤 새서 만들었다”,IT
"""韓, 제조업 특화 AI에이전트가 미래먹거리""",IT
"에코프로비엠, 신임 대표에 김장우 CFO…각자대표 체제 전환",IT
머스크 '스타링크' 주도 위성통신 전쟁에 참전하는 유럽,IT
"챗GPT 검색 기능 무료화…오픈AI, 구글과 정면승부",IT
러닝 열풍에…웨어러블 가입자 함께 뛰었다,IT
“‘스벅 젓가락’도 있어?” 2만6천원짜리 결혼 답례품…다들 당했다,IT
"인터넷 연결 없이 가전 제어 마음AI, 퀄컴과 홈IoT 협력",IT
"""AI 주도권 선점"" 구글 vs 오픈AI 혈투",IT
"닻 올린 셀트리온 CDMO…""7년뒤 매출 3조""",IT
틱톡·넷플릭스·아마존 연달아 '구애'…트럼프에 줄 대는 빅테크,IT
"[현장] 정부·국회 한 목소리 ""AI 발전, 방송·미디어 혁신 이끌 것""",IT
피자헛 이어 bhc도 소송...‘차액가맹금’ 뭐길래,IT
"LG전자, 2차 밸류업 발표...""내년 자사주 76.1만주 소각""",IT
"LG전자, 2차 밸류업 프로그램 발표… “내년 자사주 76만주 소각”",IT
"한미약품 주총 직전에…장남, 돌연 대화 제안",IT
"""2035년 CDMO 매출 3조 목표"" 셀트리온바이오솔루션스 출범",IT
"'밸류업지수 포함' SKT·KT, 기업가치 상승 요인은 AI",IT
"챗GPT 웹 검색, 출시 1달 반 만에 무료로 푼다",IT
"데브시스터즈, '인도' 잡고 적자 고리 끊어낸다",IT
'콜 차단' 카카오모빌리티 과징금 724억→151억 확정,IT
"[DD퇴근길] 단통법 폐지안·AI 기본법, 법사위 문턱 넘었다",IT
[2024 하반기 Best Goods] 퀄컴-AI PC용 SoC '스냅드래곤 X 엘리트',IT
"中, 위성 '궈왕' 첫 발사…美 스타링크 경쟁",IT
"‘신약개발에 진심’ 삼진제약, 이수민 연구센터장 전무 발탁 의미는",IT
"아마존·MS가 키우는 AI칩 시장…삼성전자·SK하이닉스, 'HBM 확대' 기회",IT
"[인터뷰] 채널코퍼레이션 ""채널톡, AI 상담원 '알프'로 업그레이드…음성 대화까지 겨냥""",IT
"""삼성전자, 갤럭시 S25 슬림 내년 2분기 출시 전망""",IT
"에이치엔에스하이텍 “ACF 사업 호조, 내년 매출 1000억 넘긴다”",IT
"[EV팩트체크] 계엄에 펄쩍 뛴 환율, ‘K배터리’ 독 될까",IT
자체 칩 만든 中 가전기업 ‘그리’... 구형 반도체 위협에 美 포위망 넓힌다,IT
계엄·탄핵에…네카오 '뜻밖의 특수' 누렸다,IT
"中, 정부 주도 반도체 펀드 조성에도… 美 규제·공급 과잉에 투자 위축",IT
"19일 상장 ‘온코닉’, 투자수익 가를 5가지 포인트",IT
"배민 앱 켜고 ‘오늘은 일식 땡기네’…주문 상위 가게 약 95%, 광고 교차 노출",IT
'긴박한 2주' 수시 오픈챗 열리고 수천만이 '톡'...안정 뒤에 '카톡'이 있었다,IT
"'얇은 갤럭시' 내놓지만 조심스러운 삼성…""생산량 적게 잡아""",IT
"""이제 AI로 돈벌겠다""…수요 확인된 AI비서-AICC부터 `총력`",IT
"OLED 발광재료 구매량, 올해 최고치 전망…삼성·LG 성장 주도",IT
"[ET단상] 불변의 법칙, 기술 자립",IT
"LG이노텍, 차량 안에 앉은 모두를 봐 주는 '눈' 만든다",IT
빅테크는 다국어 AI 만드는데 네카오는 韓 특화형 집중… “확장성 한계” 우려,IT
[팩플] '챗GPT 서치' 무료로 풀었다…막 오른 AI 검색 대전,IT
"""매출을 부르는 배민 광고, 이렇게 해보세요""",IT
"IoT보안인증 만든 이유는…""해킹된 中로봇청소기 실내정보 빼내""(종합)",IT
"텍스트서 동영상으로 옮겨간 생성형 AI 전쟁… 구글, ‘비오2’로 오픈AI ‘소라’에 도전장",IT
[단독] 76억 규모 '우본 공공 DaaS 사업' 나왔다…네이버·KT 등 5파전 예고,IT
"[단독] AI기본법 '신고만으로 조사' 독소조항, 훈령으로 해결…30일 본회의 통과",IT
[ET톡]21세기 부절과 보안 마인드셋,IT
"유상임 장관, 원로들에게 AI강국 전략 SOS…국가원로회의, AI 미래 밑그림 짠다",IT
삼성 '폴더블폰 슬림화' 새로운 펜 입력기술 추진,IT
'로톡'이어 '내돈을 돌리도'까지 플랫폼 손 들어줬다,IT
"""비트코인 매수, 모든 날이 좋았다…고점인 지금도 좋은 투자""",IT
틱톡샵은 세포라·쉬인보다 잘 나가는데… 美 퇴출 위기에 트럼프 입만 바라보는 ‘틱톡’,IT
본회의 문턱만 남긴 AI 기본법…연내 통과 청신호에도 우려는 여전,IT
"정통 기갑물부터 액션판타지까지...카카오엔터, 12월 화제의 신작 웹툰 4종 공개",IT
"공정위, 카카오모빌리티 '콜 차단' 과징금 724억→151억원으로 재산정",IT
"이찬희 삼성 준감위장 “삼성, 생각의 전환 필요… 경영진단실 역할 기대”",IT
"우원식 만난 최태원 ""무쟁점 법안이라도 연내 통과시켜 달라""",IT
SEMI “올해 세계 반도체 장비 시장 161조원…역대 최대 규모”,IT
국회 9부능선 넘은 AI 기본법…30일 본회의만 남았다,IT
"삼성전자·LG전자, 내년 사업 전략 수립…“성과 극대화·리스크 최소화”",IT
"이창용 ""원·달러 환율 올랐을뿐 외환위기 걱정 과도""",IT
"퀄컴-Arm, 첫 재판 격돌…로열티 공방",IT
요아정·포케·빅사이즈 아메리카노…배민 인기 메뉴로 보는 내년 食 트렌드는?,IT
국회의원이 있어야 할 곳으로…'탄핵의 날' 게임 또 나왔다,IT
"韓 사회 원로들의 쓴소리 ""AI 혁명 받아들여야 정치적 혼란도 해결될 것""",IT
"롯데에너지머티리얼즈, 엔비디아 AI 가속기용 동박 공급",IT
SKT도 KT·게임업계도 떠났다…메타버스 결국 '신기루',IT
뉴스 보느라 OTT 안 봤다…탄핵정국에 넷플릭스·티빙 방문자 줄어,IT
한국인이 가장 자주 사용하는 앱은 ‘카카오톡’...사용 시간은 ‘유튜브’,IT
유전자 가위 예측 AI·이음5G 드론…올해 국가대표 R&D는?,IT
희비교차 ‘이재명 테마주’…‘해뜰날’ 온 브릿지바이오[바이오맥짚기],IT
"“운전자·탑승자를 동시에” LG이노텍, 인캐빈 카메라 모듈 개발",IT
"애플·메타·구글·소뱅·틱톡 이어…트럼프, 넷플릭스·아마존 연이어 만난다",IT
'폴더블 아이폰' 나온다는데…독주하던 삼성 '초긴장',IT
"SKT, 에이닷 수익화 시동...새해 통역콜 제값 받는다",IT
"두산에너빌리티, 항공엔진 개발…KAI와 협력",IT
드라마보다 더 극적인 계엄·탄핵정국에…뉴스·유튜브 더 보고 OTT 덜 봤다,IT
"웹소설 플랫폼, '계엄령' 소재 공모전 열었다가 하루 만에 철회",IT
"SFA, LFP전용 3D CT검사기 수주…국내 고객사 대상 [소부장박대리]",IT
가장 많이 '카톡' 가장 오래 '유튜브'… 한국인의 앱 사랑법,IT
